Daily C pools (kg C/ha) and fluxes (kg C/ha/day) at site W-2 in year 1,,,,,,,,,,,,,,,,,,,,,,,,,,,,,,,,,,,,-1.04481,,,,,,,,,,,,
Day,Very labile litter,Labile litter,Resistant litter,Microbe,Humads,Humus,CharC,SOC,SOC0-10cm, SOC10-20cm,SOC20-30cm,SOC30-40cm,SOC40-50cm,SOC0-10cm, SOC10-20cm,SOC20-30cm,SOC30-40cm,SOC40-50cm,dSOC,DOC,DOC_produce,DOC_consume,DOC_leach,Photosynthesis,Leaf-respiration, Stem-respiration, Root-respiration,Soil-heterotrophic-respiration, NPP,Eco-respiration, NEE,Stub,DOC_from_root,CH4-prod.,CH4-oxid.,CH4-flux,CH4-pool,DOC-leach,Litter-C,Manure-C, SoilCO2_0-10cm,SoilCO2_10-20cm,SoilCO2_20-30cm,SoilCO2_30-40cm,SoilCO2_40-50cm,Acetate_produced,Acetate_consumed,Acetate_pool
1,0,0,695.64,32.35,1570.15,67374.55,0,69673.71,19371.58,16240.19,12307.83,9327.65,12426.46,0.02,0.017,0.013,0.01,0.006,-0.52,1.03,1.03,0,0,0,0,0,0,0.52,0,0.52,0.52,0,0,0,-0.00127,-0.00127,0,0,0,0,0.52,0,0,0,0,0,0,0
2,0,0,694.44,16.35,1586.15,67374.07,0,69673.13,19371,16240.19,12307.83,9327.65,12426.46,0.02,0.017,0.013,0.01,0.006,-0.59,2.11,1.08,0,0,0,0,0,0,0.59,0,0.59,0.59,0,0,0,-0.00156,-0.00156,0,0,0,0,0.59,0,0,0,0,0,0,0
3,0,0,693.3,16.66,1585.84,67373.63,0,69672.57,19370.45,16240.19,12307.83,9327.65,12426.46,0.02,0.017,0.013,0.01,0.006,-0.56,3.15,1.04,0,0,0,0,0,0,0.56,0,0.56,0.56,0,0,0,-0.00153,-0.00153,0,0,0,0,0.55,0,0,0,0,0,0,0
4,0,0,692.2,16.96,1585.54,67373.2,0,69672.04,19369.92,16240.19,12307.83,9327.64,12426.46,0.02,0.017,0.013,0.01,0.006,-0.53,4.15,1.01,0,0,0,0,0,0,0.53,0,0.53,0.53,0,0,0,-0.00153,-0.00153,0,0,0,0,0.52,0,0,0,0,0,0,0
5,0,0,690.92,16.36,1586.14,67372.69,0,69671.36,19369.26,16240.18,12307.82,9327.64,12426.45,0.02,0.017,0.013,0.01,0.006,-0.69,5.25,1.14,0.04,0,0,0,0,0,0.68,0,0.68,0.68,0,0,0,-0.00179,-0.00179,0,0,0,0,0.64,0,0,0,0,0,0,0
6,0,0,689.65,16.36,1586.14,67372.16,0,69670.7,19368.61,16240.17,12307.82,9327.64,12426.45,0.02,0.017,0.013,0.01,0.006,-0.66,6.37,1.14,0.02,0,0,0,0,0,0.66,0,0.66,0.66,0,0,0,-0.00182,-0.00182,0,0,0,0,0.64,0,0,0,0,0,0,0
7,0,0,688.51,16.34,1586.17,67371.72,0,69670.09,19368.04,16240.16,12307.81,9327.63,12426.44,0.02,0.017,0.013,0.01,0.006,-0.61,7.35,1.04,0.07,0,0,0,0,0,0.61,0,0.61,0.61,0,0,0,-0.0013,-0.0013,0,0,0,0,0.54,0,0,0,0,0,0,0
8,0,0,688.01,16.26,1586.18,67371.34,0,69669.99,19368,16240.14,12307.8,9327.62,12426.43,0.02,0.017,0.013,0.01,0.006,-0.1,8.19,0.95,0.1,0,0,0,0,0,0.1,0,0.1,0.1,0,0,0,-0.00101,-0.00101,0,0,0,0,0,0,0,0,0,0,0,0
9,0,0,686.99,16.31,1586.13,67370.95,0,69669.37,19367.46,16240.11,12307.78,9327.61,12426.42,0.02,0.017,0.013,0.01,0.006,-0.61,8.99,0.93,0.13,0,0,0,0,0,0.61,0,0.61,0.61,0,0,0,-0.00112,-0.00112,0,0,0,0,0.48,0,0,0,0,0,0,0
10,0,0,685.97,16.31,1586.13,67370.6,0,69668.89,19366.98,16240.11,12307.78,9327.61,12426.42,0.02,0.017,0.013,0.01,0.006,-0.48,9.89,0.91,0,0,0,0,0,0,0.49,0,0.49,0.49,0,0,0,-0.00121,-0.00121,0,0,0,0,0.48,0,0,0,0,0,0,0
11,0,0,685.01,16.58,1585.85,67370.26,0,69668.44,19366.53,16240.11,12307.78,9327.61,12426.41,0.02,0.017,0.013,0.01,0.006,-0.45,10.75,0.86,0.01,0,0,0,0,0,0.46,0,0.46,0.46,0,0,0,-0.00116,-0.00116,0,0,0,0,0.45,0,0,0,0,0,0,0
12,0,0,684.58,16.78,1585.6,67369.95,0,69668.43,19366.53,16240.11,12307.77,9327.61,12426.41,0.02,0.017,0.013,0.01,0.006,-0.01,11.52,0.78,0.01,0,0,0,0,0,0.01,0,0.01,0.01,0,0,0,-0.0009,-0.0009,0,0,0,0,0,0,0,0,0,0,0,0
13,0,0,684.16,16.98,1585.35,67369.67,0,69668.42,19366.52,16240.11,12307.77,9327.6,12426.41,0.02,0.017,0.013,0.01,0.006,-0.01,12.25,0.74,0.01,0,0,0,0,0,0.01,0,0.01,0.01,0,0,0,-0.00091,-0.00091,0,0,0,0,0,0,0,0,0,0,0,0
14,0,0,683.77,17.16,1585.12,67369.42,0,69668.41,19366.52,16240.1,12307.77,9327.6,12426.41,0.02,0.017,0.013,0.01,0.006,-0.01,12.94,0.69,0.01,0,0,0,0,0,0.01,0,0.01,0.01,0,0,0,-0.00083,-0.00083,0,0,0,0,0,0,0,0,0,0,0,0
15,0,0,682.83,16.28,1586,67369.13,0,69667.86,19366.02,16240.08,12307.76,9327.59,12426.4,0.02,0.017,0.013,0.01,0.006,-0.55,13.61,0.78,0.1,0.01,0,0,0,0,0.55,0,0.55,0.55,0,0,0,-0.00112,-0.00112,0,0,0,0,0.44,0,0,0,0,0,0,0
16,0,0,682.4,16.23,1586,67368.85,0,69667.84,19366.01,16240.08,12307.75,9327.59,12426.4,0.02,0.017,0.013,0.01,0.006,-0.02,14.36,0.77,0.02,0,0,0,0,0,0.02,0,0.02,0.02,0,0,0,-0.00106,-0.00106,0,0,0,0,0,0,0,0,0,0,0,0
17,0,0,681.98,16.43,1585.75,67368.58,0,69667.82,19366.01,16240.08,12307.75,9327.59,12426.39,0.02,0.017,0.013,0.01,0.006,-0.01,15.09,0.74,0.01,0,0,0,0,0,0.01,0,0.01,0.01,0,0,0,-0.00107,-0.00107,0,0,0,0,0,0,0,0,0,0,0,0
18,0,0,681.57,16.62,1585.51,67368.33,0,69667.81,19366,16240.07,12307.75,9327.59,12426.39,0.02,0.017,0.013,0.01,0.006,-0.01,15.78,0.7,0.01,0,0,0,0,0,0.01,0,0.01,0.01,0,0,0,-0.00095,-0.00095,0,0,0,0,0,0,0,0,0,0,0,0
19,0,0,681.18,16.81,1585.27,67368.08,0,69667.79,19366,16240.07,12307.75,9327.59,12426.39,0.02,0.017,0.013,0.01,0.006,-0.01,16.45,0.69,0.01,0,0,0,0,0,0.02,0,0.02,0.02,0,0,0,-0.00107,-0.00107,0,0,0,0,0,0,0,0,0,0,0,0
20,0,0,680.79,16.99,1585.04,67367.84,0,69667.78,19366,16240.07,12307.74,9327.58,12426.39,0.02,0.017,0.013,0.01,0.006,-0.02,17.12,0.68,0.01,0,0,0,0,0,0.02,0,0.02,0.02,0,0,0,-0.00112,-0.00112,0,0,0,0,0,0,0,0,0,0,0,0
21,0,0,679.73,16.3,1585.73,67367.52,0,69667.11,19365.39,16240.04,12307.73,9327.57,12426.38,0.02,0.017,0.013,0.01,0.006,-0.67,17.83,0.85,0.13,0.01,0,0,0,0,0.66,0,0.66,0.66,0,0,0,-0.00143,-0.00143,0,0,0,0,0.53,0,0,0,0,0,0,0
22,0,0,678.66,16.31,1585.73,67367.17,0,69666.53,19364.83,16240.04,12307.72,9327.57,12426.37,0.02,0.017,0.013,0.01,0.006,-0.58,18.66,0.88,0.04,0,0,0,0,0,0.58,0,0.58,0.58,0,0,0,-0.0015,-0.0015,0,0,0,0,0.54,0,0,0,0,0,0,0
23,0,0,677.62,16.58,1585.45,67366.83,0,69665.99,19364.31,16240.03,12307.72,9327.57,12426.37,0.02,0.017,0.013,0.01,0.006,-0.54,19.51,0.87,0.02,0,0,0,0,0,0.54,0,0.54,0.54,0,0,0,-0.00155,-0.00155,0,0,0,0,0.52,0.01,0,0,0,0,0,0
24,0,0,676.58,16.3,1585.73,67366.48,0,69665.45,19363.78,16240.03,12307.71,9327.56,12426.37,0.02,0.017,0.013,0.01,0.006,-0.54,20.36,0.88,0.02,0,0,0,0,0,0.54,0,0.54,0.54,0,0,0,-0.00143,-0.00143,0,0,0,0,0.52,0.01,0,0,0,0,0,0
25,0,0,675.55,16.3,1585.73,67366.15,0,69664.81,19363.2,16240,12307.7,9327.55,12426.36,0.02,0.017,0.013,0.01,0.006,-0.64,21.08,0.87,0.13,0.01,0,0,0,0,0.64,0,0.64,0.64,0,0,0,-0.00135,-0.00135,0,0,0,0,0.51,0.01,0,0,0,0,0,0
26,0,0,674.52,16.3,1585.73,67365.8,0,69663.98,19362.51,16239.95,12307.66,9327.53,12426.33,0.02,0.017,0.013,0.01,0.006,-0.82,21.62,0.86,0.31,0.02,0,0,0,0,0.81,0,0.81,0.81,0,0,0,-0.00132,-0.00132,0,0,0,0,0.51,0.01,0,0,0,0,0,0
27,0,0,674.08,16.23,1585.74,67365.51,0,69663.96,19362.51,16239.95,12307.66,9327.53,12426.33,0.02,0.017,0.013,0.01,0.006,-0.02,22.4,0.8,0.02,0,0,0,0,0,0.02,0,0.02,0.02,0,0,0,-0.00109,-0.00109,0,0,0,0,0.01,0.01,0,0,0,0,0,0
28,0,0,673.64,16.23,1585.7,67365.23,0,69663.94,19362.5,16239.94,12307.65,9327.52,12426.32,0.02,0.017,0.013,0.01,0.006,-0.03,23.15,0.77,0.02,0,0,0,0,0,0.02,0,0.02,0.02,0,0,0,-0.00106,-0.00106,0,0,0,0,0.01,0.01,0.01,0,0,0,0,0
29,0,0,673.23,16.42,1585.45,67364.96,0,69663.91,19362.49,16239.93,12307.65,9327.52,12426.32,0.02,0.017,0.013,0.01,0.006,-0.03,23.85,0.73,0.03,0,0,0,0,0,0.03,0,0.03,0.03,0,0,0,-0.00097,-0.00097,0,0,0,0,0.01,0.01,0.01,0,0,0,0,0
30,0,0,672.85,16.6,1585.22,67364.73,0,69663.89,19362.49,16239.93,12307.64,9327.52,12426.32,0.02,0.017,0.013,0.01,0.006,-0.02,24.48,0.66,0.03,0,0,0,0,0,0.03,0,0.03,0.03,0,0,0,-0.00073,-0.00073,0,0,0,0,0.01,0.01,0.01,0,0,0,0,0
31,0,0,672.48,16.78,1585,67364.5,0,69663.86,19362.48,16239.92,12307.63,9327.51,12426.31,0.02,0.017,0.013,0.01,0.006,-0.03,25.1,0.65,0.03,0,0,0,0,0,0.03,0,0.03,0.03,0,0,0,-0.00091,-0.00091,0,0,0,0,0.01,0.01,0.01,0,0,0,0,0
32,0,0,671.67,17,1584.77,67364.26,0,69663.45,19362.1,16239.91,12307.63,9327.51,12426.31,0.02,0.017,0.013,0.01,0.006,-0.41,25.76,0.69,0.03,0,0,0,0,0,0.41,0,0.41,0.41,0,0,0,-0.00126,-0.00126,0,0,0,0,0.38,0.01,0.01,0,0,0,0,0
33,0,0,670.84,17.24,1584.53,67363.98,0,69663.03,19361.7,16239.9,12307.62,9327.5,12426.3,0.02,0.017,0.013,0.01,0.006,-0.43,26.44,0.71,0.03,0,0,0,0,0,0.43,0,0.43,0.43,0,0,0,-0.00143,-0.00143,0,0,0,0,0.4,0.01,0.01,0,0,0,0,0
34,0,0,670.46,17.41,1584.31,67363.75,0,69662.99,19361.69,16239.9,12307.62,9327.5,12426.3,0.02,0.017,0.013,0.01,0.006,-0.03,27.06,0.66,0.03,0,0,0,0,0,0.03,0,0.03,0.03,0,0,0,-0.00113,-0.00113,0,0,0,0,0.01,0.01,0.01,0,0,0,0,0
35,0,0,669.69,17.63,1584.08,67363.5,0,69662.61,19361.32,16239.89,12307.61,9327.49,12426.29,0.02,0.017,0.013,0.01,0.006,-0.39,27.71,0.67,0.03,0,0,0,0,0,0.39,0,0.39,0.39,0,0,0,-0.00137,-0.00137,0,0,0,0,0.36,0.01,0.01,0,0,0,0,0
36,0,0,669.32,17.8,1583.86,67363.27,0,69662.57,19361.31,16239.88,12307.61,9327.49,12426.29,0.02,0.017,0.013,0.01,0.006,-0.03,28.31,0.64,0.03,0,0,0,0,0,0.04,0,0.04,0.04,0,0,0,-0.00119,-0.00119,0,0,0,0,0.01,0.01,0.01,0,0,0,0,0
37,0,0,668.97,17.97,1583.65,67363.04,0,69662.54,19361.3,16239.87,12307.6,9327.48,12426.28,0.02,0.017,0.013,0.01,0.006,-0.04,28.91,0.63,0.04,0,0,0,0,0,0.04,0,0.04,0.04,0,0,0,-0.00125,-0.00125,0,0,0,0,0.01,0.01,0.01,0,0,0,0,0
38,0,0,668.26,18.18,1583.43,67362.81,0,69662.18,19360.98,16239.86,12307.59,9327.48,12426.28,0.02,0.017,0.013,0.01,0.006,-0.35,29.5,0.63,0.04,0,0,0,0,0,0.35,0,0.35,0.35,0,0,0,-0.00136,-0.00136,0,0,0,0,0.32,0.01,0.01,0,0,0,0,0
39,0,0,667.91,18.34,1583.23,67362.59,0,69662.15,19360.97,16239.85,12307.58,9327.47,12426.27,0.02,0.017,0.013,0.01,0.006,-0.03,30.07,0.6,0.04,0,0,0,0,0,0.04,0,0.04,0.04,0,0,0,-0.00116,-0.00116,0,0,0,0,0.01,0.01,0.01,0,0,0,0,0
40,0,0,667.21,18.54,1583.02,67362.36,0,69661.79,19360.64,16239.84,12307.57,9327.47,12426.26,0.02,0.017,0.013,0.01,0.006,-0.36,30.66,0.63,0.04,0,0,0,0,0,0.36,0,0.36,0.36,0,0,0,-0.0015,-0.0015,0,0,0,0,0.33,0.01,0.01,0.01,0,0,0,0
41,0,0,666.38,18.77,1582.78,67362.05,0,69661.37,19360.25,16239.83,12307.57,9327.46,12426.26,0.02,0.017,0.013,0.01,0.006,-0.43,31.39,0.78,0.05,0,0,0,0,0,0.43,0,0.43,0.43,0,0,0,-0.00199,-0.00199,0,0,0,0,0.39,0.01,0.01,0.01,0,0,0,0
42,0,0,665.28,16.31,1585.24,67361.65,0,69660.39,19359.45,16239.77,12307.52,9327.43,12426.22,0.02,0.017,0.013,0.01,0.006,-0.98,31.92,0.96,0.41,0.02,0,0,0,0,0.96,0,0.96,0.96,0,0,0,-0.00156,-0.00156,0,0,0,0,0.56,0.01,0.01,0.01,0,0,0,0
43,0,0,664.25,16.59,1584.95,67361.27,0,69659.84,19358.94,16239.76,12307.51,9327.42,12426.21,0.02,0.017,0.013,0.01,0.006,-0.55,32.77,0.91,0.05,0,0,0,0,0,0.55,0,0.55,0.55,0,0,0,-0.00148,-0.00148,0,0,0,0,0.51,0.02,0.01,0.01,0,0,0,0
44,0,0,663.23,16.87,1584.67,67360.9,0,69659.28,19358.42,16239.75,12307.5,9327.41,12426.21,0.02,0.017,0.013,0.01,0.006,-0.55,33.62,0.91,0.06,0,0,0,0,0,0.56,0,0.56,0.56,0,0,0,-0.00167,-0.00167,0,0,0,0,0.51,0.02,0.01,0.01,0,0,0,0
45,0,0,662.07,16.32,1585.21,67360.43,0,69658.64,19357.82,16239.73,12307.48,9327.41,12426.2,0.02,0.017,0.013,0.01,0.006,-0.64,34.61,1.05,0.06,0,0,0,0,0,0.64,0,0.64,0.64,0,0,0,-0.00182,-0.00182,0,0,0,0,0.6,0.02,0.01,0.01,0,0,0,0
46,0,0,661.61,16.23,1585.24,67360.07,0,69658.06,19357.47,16239.65,12307.42,9327.37,12426.16,0.02,0.017,0.013,0.01,0.006,-0.58,34.9,0.87,0.55,0.03,0,0,0,0,0.55,0,0.55,0.55,0,0,0,-0.00076,-0.00076,0,0,0,0,0.01,0.02,0.01,0.01,0,0,0,0
47,0,0,661.2,16.43,1585,67359.8,0,69658.01,19357.46,16239.63,12307.41,9327.36,12426.15,0.02,0.017,0.013,0.01,0.006,-0.05,35.59,0.75,0.06,0,0,0,0,0,0.06,0,0.06,0.06,0,0,0,-0.00056,-0.00056,0,0,0,0,0.01,0.02,0.01,0.01,0,0,0,0
48,0,0,660.8,16.62,1584.76,67359.52,0,69657.95,19357.44,16239.62,12307.4,9327.35,12426.14,0.02,0.017,0.013,0.01,0.006,-0.06,36.25,0.72,0.06,0,0,0,0,0,0.06,0,0.06,0.06,0,0,0,-0.00079,-0.00079,0,0,0,0,0.01,0.02,0.01,0.01,0,0,0,0
49,0,0,660.41,16.8,1584.52,67359.26,0,69657.89,19357.43,16239.61,12307.38,9327.34,12426.13,0.02,0.017,0.013,0.01,0.006,-0.06,36.91,0.72,0.06,0,0,0,0,0,0.06,0,0.06,0.06,0,0,0,-0.00103,-0.00103,0,0,0,0,0.01,0.02,0.01,0.01,0,0,0,0
50,0,0,659.56,17.04,1584.27,67358.95,0,69657.44,19357.02,16239.59,12307.37,9327.33,12426.12,0.02,0.017,0.013,0.01,0.006,-0.45,37.6,0.76,0.06,0,0,0,0,0,0.46,0,0.46,0.46,0,0,0,-0.00136,-0.00136,0,0,0,0,0.41,0.02,0.01,0.01,0,0,0,0
51,0,0,658.67,17.29,1584.02,67358.63,0,69656.95,19356.58,16239.57,12307.36,9327.32,12426.11,0.02,0.017,0.013,0.01,0.006,-0.5,38.34,0.81,0.07,0,0,0,0,0,0.49,0,0.49,0.49,0,0,0,-0.00164,-0.00164,0,0,0,0,0.44,0.02,0.01,0.01,0.01,0,0,0
52,0,0,657.78,17.54,1583.76,67358.3,0,69656.46,19356.14,16239.56,12307.35,9327.31,12426.1,0.02,0.017,0.013,0.01,0.006,-0.49,39.08,0.81,0.07,0,0,0,0,0,0.49,0,0.49,0.49,0,0,0,-0.00172,-0.00172,0,0,0,0,0.44,0.02,0.02,0.01,0.01,0,0,0
53,0,0,656.96,17.77,1583.52,67357.98,0,69656.01,19355.75,16239.54,12307.33,9327.3,12426.09,0.02,0.017,0.013,0.01,0.006,-0.45,39.78,0.77,0.07,0,0,0,0,0,0.45,0,0.45,0.45,0,0,0,-0.00153,-0.00153,0,0,0,0,0.39,0.02,0.02,0.01,0.01,0,0,0
54,0,0,656.09,18.01,1583.27,67357.64,0,69655.53,19355.33,16239.52,12307.32,9327.29,12426.08,0.02,0.017,0.013,0.01,0.006,-0.48,40.51,0.81,0.08,0,0,0,0,0,0.48,0,0.48,0.48,0,0,0,-0.00187,-0.00187,0,0,0,0,0.42,0.02,0.02,0.01,0.01,0,0,0
55,0,0,654.99,18.32,1582.95,67356.98,0,69654.91,19354.78,16239.49,12307.29,9327.28,12426.06,0.02,0.017,0.013,0.01,0.006,-0.62,41.66,1.25,0.11,0,0,0,0,0,0.62,0,0.62,0.62,0,0,0,-0.00283,-0.00283,0,0,0,0,0.54,0.03,0.02,0.01,0.01,0,0,0
56,0,0,653.82,16.33,1584.93,67356.38,0,69654.23,19354.18,16239.47,12307.27,9327.26,12426.04,0.02,0.017,0.013,0.01,0.006,-0.69,42.77,1.22,0.1,0,0,0,0,0,0.68,0,0.68,0.68,0,0,0,-0.00183,-0.00183,0,0,0,0,0.6,0.03,0.02,0.01,0.01,0,0,0
57,0,0,652.81,16.62,1584.63,67355.85,0,69653.65,19353.68,16239.44,12307.25,9327.25,12426.03,0.02,0.017,0.013,0.01,0.006,-0.57,43.75,1.08,0.11,0,0,0,0,0,0.58,0,0.58,0.58,0,0,0,-0.00145,-0.00145,0,0,0,0,0.5,0.03,0.03,0.01,0.01,0,0,0
58,0,0,651.66,16.33,1584.9,67355.3,0,69652.74,19352.92,16239.4,12307.21,9327.22,12426,0.02,0.017,0.013,0.01,0.006,-0.91,44.56,1.19,0.35,0.02,0,0,0,0,0.89,0,0.89,0.89,0,0,0,-0.00152,-0.00152,0,0,0,0,0.56,0.03,0.03,0.01,0.01,0,0,0
59,0,0,650.52,16.33,1584.89,67354.73,0,69651.82,19352.14,16239.34,12307.16,9327.2,12425.98,0.02,0.017,0.013,0.01,0.006,-0.92,45.34,1.17,0.36,0.03,0,0,0,0,0.9,0,0.9,0.9,0,0,0,-0.00157,-0.00157,0,0,0,0,0.56,0.03,0.03,0.02,0.01,0,0,0
60,0,0,649.41,16.32,1584.88,67354.21,0,69651.14,19351.54,16239.32,12307.14,9327.18,12425.96,0.02,0.017,0.013,0.01,0.006,-0.68,46.32,1.13,0.15,0.01,0,0,0,0,0.67,0,0.67,0.67,0,0,0,-0.00157,-0.00157,0,0,0,0,0.55,0.03,0.03,0.02,0.01,0,0,0
61,0,0,648.32,16.63,1584.57,67353.68,0,69650.51,19351,16239.29,12307.11,9327.16,12425.94,0.02,0.017,0.013,0.01,0.006,-0.63,47.31,1.11,0.12,0,0,0,0,0,0.64,0,0.64,0.64,0,0,0,-0.00176,-0.00176,0,0,0,0,0.54,0.04,0.03,0.02,0.01,0,0,0
62,0,0,647.3,16.92,1584.26,67353.2,0,69649.91,19350.5,16239.26,12307.09,9327.15,12425.92,0.02,0.017,0.013,0.01,0.006,-0.59,48.24,1.06,0.12,0,0,0,0,0,0.6,0,0.6,0.6,0,0,0,-0.00171,-0.00171,0,0,0,0,0.5,0.04,0.03,0.02,0.01,0,0,0
63,0,0,646.32,17.19,1583.97,67352.73,0,69649.34,19350.02,16239.22,12307.06,9327.13,12425.91,0.02,0.017,0.013,0.01,0.006,-0.57,49.13,1.02,0.13,0,0,0,0,0,0.57,0,0.57,0.57,0,0,0,-0.00173,-0.00173,0,0,0,0,0.48,0.04,0.03,0.02,0.01,0,0,0
64,0,0,645.46,17.45,1583.69,67352.31,0,69648.84,19349.62,16239.2,12307.04,9327.11,12425.88,0.02,0.017,0.013,0.01,0.006,-0.5,49.93,0.92,0.12,0,0,0,0,0,0.5,0,0.5,0.5,0,0,0,-0.00139,-0.00139,0,0,0,0,0.4,0.04,0.03,0.02,0.01,0,0,0
65,0,0,644.65,17.69,1583.43,67351.92,0,69648.38,19349.24,16239.17,12307.01,9327.09,12425.87,0.02,0.017,0.013,0.01,0.006,-0.46,50.68,0.87,0.12,0,0,0,0,0,0.47,0,0.47,0.47,0,0,0,-0.00136,-0.00136,0,0,0,0,0.37,0.03,0.03,0.02,0.01,0,0,0
66,0,0,643.73,17.95,1583.16,67351.49,0,69647.83,19348.79,16239.13,12306.98,9327.07,12425.85,0.02,0.017,0.013,0.01,0.006,-0.55,51.49,0.95,0.13,0,0,0,0,0,0.55,0,0.55,0.55,0,0,0,-0.00203,-0.00203,0,0,0,0,0.45,0.04,0.03,0.02,0.01,0,0,0
67,0,0,642.83,18.21,1582.89,67351.05,0,69647.28,19348.34,16239.1,12306.96,9327.05,12425.83,0.02,0.017,0.013,0.01,0.006,-0.55,52.31,0.96,0.14,0,0,0,0,0,0.55,0,0.55,0.55,0,0,0,-0.00216,-0.00216,0,0,0,0,0.45,0.04,0.03,0.02,0.01,0,0,0
68,0,0,641.66,16.33,1584.75,67350.48,0,69646.49,19347.67,16239.07,12306.92,9327.03,12425.8,0.02,0.017,0.013,0.01,0.006,-0.79,53.26,1.16,0.21,0.01,0,0,0,0,0.78,0,0.78,0.78,0,0,0,-0.00196,-0.00196,0,0,0,0,0.61,0.05,0.03,0.02,0.01,0,0,0
69,0,0,640.48,16.34,1584.73,67349.94,0,69644.82,19346.37,16238.93,12306.81,9326.97,12425.74,0.02,0.017,0.013,0.01,0.006,-1.67,53.34,1.18,1.04,0.06,0,0,0,0,1.61,0,1.61,1.61,0,0,0,-0.00179,-0.00179,0,0,0,0,0.61,0.05,0.03,0.02,0.01,0,0,0
70,0,0,639.42,16.63,1584.42,67349.44,0,69644.17,19345.83,16238.9,12306.78,9326.94,12425.71,0.02,0.017,0.013,0.01,0.006,-0.66,54.25,1.07,0.16,0,0,0,0,0,0.65,0,0.65,0.65,0,0,0,-0.00161,-0.00161,0,0,0,0,0.54,0.05,0.04,0.02,0.01,0,0,0
71,0,0,638.38,16.92,1584.12,67348.95,0,69643.52,19345.3,16238.85,12306.75,9326.92,12425.69,0.02,0.017,0.013,0.01,0.006,-0.65,55.15,1.06,0.16,0,0,0,0,0,0.65,0,0.65,0.65,0,0,0,-0.00185,-0.00185,0,0,0,0,0.53,0.05,0.04,0.02,0.01,0,0,0
72,0,0,637.28,17.23,1583.8,67348.37,0,69642.82,19344.73,16238.81,12306.71,9326.9,12425.67,0.02,0.017,0.013,0.01,0.006,-0.7,56.15,1.17,0.18,0,0,0,0,0,0.7,0,0.7,0.7,0,0,0,-0.00228,-0.00228,0,0,0,0,0.57,0.05,0.04,0.02,0.01,0,0,0
73,0,0,636.23,16.3,1584.7,67347.85,0,69642.15,19344.19,16238.77,12306.68,9326.87,12425.64,0.02,0.017,0.013,0.01,0.006,-0.66,57.06,1.09,0.17,0,0,0,0,0,0.67,0,0.67,0.67,0,0,0,-0.00155,-0.00155,0,0,0,0,0.54,0.05,0.04,0.02,0.01,0,0,0
74,0,0,635.21,16.59,1584.4,67347.36,0,69641.5,19343.66,16238.72,12306.65,9326.85,12425.61,0.02,0.017,0.013,0.01,0.006,-0.66,57.93,1.05,0.18,0,0,0,0,0,0.66,0,0.66,0.66,0,0,0,-0.00174,-0.00174,0,0,0,0,0.52,0.05,0.04,0.02,0.01,0,0,0
75,0,0,634.17,16.87,1584.1,67346.84,0,69640.81,19343.12,16238.68,12306.61,9326.82,12425.59,0.02,0.017,0.013,0.01,0.006,-0.68,58.83,1.09,0.19,0,0,0,0,0,0.69,0,0.69,0.69,0,0,0,-0.00213,-0.00213,0,0,0,0,0.55,0.05,0.04,0.02,0.01,0,0,0
76,0,0,633.19,17.15,1583.81,67346.32,0,69640.17,19342.61,16238.63,12306.57,9326.79,12425.56,0.02,0.017,0.013,0.01,0.006,-0.65,59.68,1.04,0.19,0,0,0,0,0,0.65,0,0.65,0.65,0,0,0,-0.00206,-0.00206,0,0,0,0,0.51,0.05,0.04,0.02,0.01,0,0,0
77,0,0,632.12,17.45,1583.49,67345.67,0,69639.45,19342.04,16238.58,12306.53,9326.77,12425.53,0.02,0.017,0.013,0.01,0.006,-0.72,60.71,1.25,0.22,0,0,0,0,0,0.72,0,0.72,0.72,0,0,0,-0.00267,-0.00267,0,0,0,0,0.56,0.06,0.05,0.03,0.02,0,0,0
78,0,0,631.05,17.75,1583.18,67344.99,0,69638.71,19341.47,16238.53,12306.48,9326.73,12425.5,0.02,0.017,0.013,0.01,0.006,-0.73,61.75,1.26,0.23,0,0,0,0,0,0.73,0,0.73,0.73,0,0,0,-0.00303,-0.00303,0,0,0,0,0.57,0.06,0.05,0.03,0.02,0,0,0
79,0,0,630.12,18.02,1582.88,67344.41,0,69638.08,19341,16238.47,12306.44,9326.7,12425.47,0.02,0.017,0.013,0.01,0.006,-0.63,62.65,1.12,0.22,0,0,0,0,0,0.64,0,0.64,0.64,0,0,0,-0.00231,-0.00231,0,0,0,0,0.47,0.06,0.05,0.03,0.02,0,0,0
80,0,0,629.13,18.3,1582.58,67343.77,0,69637.4,19340.48,16238.42,12306.39,9326.67,12425.43,0.02,0.017,0.013,0.01,0.006,-0.68,63.61,1.19,0.24,0,0,0,0,0,0.69,0,0.69,0.69,0,0,0,-0.00302,-0.00302,0,0,0,0,0.52,0.06,0.05,0.03,0.02,0,0,0
81,0,0,627.94,16.33,1584.54,67343.02,0,69636.54,19339.8,16238.36,12306.34,9326.64,12425.4,0.02,0.017,0.013,0.01,0.006,-0.85,64.72,1.37,0.26,0,0,0,0,0,0.86,0,0.86,0.86,0,0,0,-0.00322,-0.00322,0,0,0,0,0.68,0.07,0.06,0.03,0.02,0,0,0
82,0,0,626.95,16.61,1584.24,67342.43,0,69635.84,19339.27,16238.31,12306.29,9326.6,12425.37,0.02,0.017,0.013,0.01,0.006,-0.7,65.62,1.14,0.24,0,0,0,0,0,0.7,0,0.7,0.7,0,0,0,-0.00216,-0.00216,0,0,0,0,0.52,0.06,0.06,0.03,0.02,0,0,0
83,0,0,626.02,16.87,1583.96,67341.87,0,69635.17,19338.78,16238.26,12306.25,9326.57,12425.33,0.02,0.017,0.013,0.01,0.006,-0.67,66.46,1.09,0.24,0,0,0,0,0,0.67,0,0.67,0.67,0,0,0,-0.0022,-0.0022,0,0,0,0,0.5,0.06,0.06,0.03,0.02,0,0,0
84,0,0,625.07,17.14,1583.67,67341.27,0,69634.48,19338.26,16238.2,12306.2,9326.53,12425.29,0.02,0.017,0.013,0.01,0.006,-0.69,67.33,1.12,0.25,0,0,0,0,0,0.69,0,0.69,0.69,0,0,0,-0.00256,-0.00256,0,0,0,0,0.51,0.06,0.06,0.03,0.02,0,0,0
85,0,0,623.74,16.37,1584.42,67340.46,0,69632.98,19337.06,16238.11,12306.1,9326.47,12425.24,0.02,0.017,0.013,0.01,0.006,-1.5,68,1.52,0.81,0.05,0,0,0,0,1.46,0,1.46,1.46,0,0,0,-0.00257,-0.00257,0,0,0,0,0.74,0.08,0.06,0.03,0.02,0,0,0
86,0,0,622.34,16.39,1584.38,67339.6,0,69630.93,19335.34,16238,12305.99,9326.42,12425.18,0.02,0.017,0.013,0.01,0.006,-2.05,68.22,1.6,1.3,0.08,0,0,0,0,1.98,0,1.98,1.98,0,0,0,-0.00214,-0.00214,0,0,0,0,0.67,0,0,0,0,0,0,0
87,0,0,621.06,16.37,1584.37,67338.85,0,69628.99,19333.71,16237.91,12305.88,9326.37,12425.12,0.02,0.017,0.013,0.01,0.006,-1.94,68.33,1.46,1.26,0.09,0,0,0,0,1.86,0,1.86,1.86,0,0,0,-0.00154,-0.00154,0,0,0,0,0.59,0,0,0,0,0,0,0
88,0,0,619.97,16.32,1584.39,67338.23,0,69627.59,19332.63,16237.8,12305.78,9326.31,12425.07,0.02,0.017,0.013,0.01,0.006,-1.39,68.67,1.25,0.83,0.07,0,0,0,0,1.32,0,1.32,1.32,0,0,0,-0.00155,-0.00155,0,0,0,0,0.55,0.08,0.07,0.04,0.02,0,0,0
89,0,0,618.94,16.31,1584.38,67337.66,0,69626.82,19332.04,16237.74,12305.73,9326.28,12425.03,0.02,0.017,0.013,0.01,0.006,-0.78,69.53,1.17,0.3,0.02,0,0,0,0,0.76,0,0.76,0.76,0,0,0,-0.00152,-0.00152,0,0,0,0,0.51,0.08,0.07,0.04,0.02,0,0,0
90,0,0,617.92,16.6,1584.06,67337.09,0,69626.08,19331.52,16237.67,12305.67,9326.23,12424.99,0.02,0.017,0.013,0.01,0.006,-0.74,70.41,1.16,0.27,0,0,0,0,0,0.74,0,0.74,0.74,0,0,0,-0.00187,-0.00187,0,0,0,0,0.53,0.08,0.07,0.04,0.02,0,0,0
91,0,0,616.81,16.32,1584.32,67336.48,0,69625.01,19330.67,16237.59,12305.6,9326.19,12424.95,0.02,0.017,0.013,0.01,0.006,-1.07,71.08,1.22,0.52,0.04,0,0,0,0,1.03,0,1.03,1.03,0,0,0,-0.0019,-0.0019,0,0,0,0,0.58,0.09,0.07,0.04,0.02,0,0,0
92,0,0,615.77,16.62,1584,67335.9,0,69624.25,19330.13,16237.52,12305.54,9326.15,12424.91,0.02,0.017,0.013,0.01,0.006,-0.76,71.96,1.17,0.29,0,0,0,0,0,0.76,0,0.76,0.76,0,0,0,-0.00194,-0.00194,0,0,0,0,0.54,0.09,0.07,0.04,0.02,0,0,0
93,0,0,614.77,16.9,1583.69,67335.34,0,69623.5,19329.6,16237.45,12305.48,9326.11,12424.87,0.02,0.017,0.013,0.01,0.006,-0.75,72.8,1.14,0.29,0,0,0,0,0,0.75,0,0.75,0.75,0,0,0,-0.00209,-0.00209,0,0,0,0,0.53,0.09,0.07,0.04,0.02,0,0,0
94,0,0,613.8,17.18,1583.38,67334.78,0,69622.77,19329.09,16237.37,12305.42,9326.06,12424.82,0.02,0.017,0.013,0.01,0.006,-0.73,73.62,1.12,0.3,0,0,0,0,0,0.74,0,0.74,0.74,0,0,0,-0.00222,-0.00222,0,0,0,0,0.51,0.09,0.07,0.04,0.02,0,0,0
95,0,0,612.89,17.45,1583.09,67334.25,0,69622.07,19328.62,16237.29,12305.36,9326.02,12424.78,0.02,0.017,0.013,0.01,0.006,-0.7,74.39,1.06,0.3,0,0,0,0,0,0.7,0,0.7,0.7,0,0,0,-0.00211,-0.00211,0,0,0,0,0.47,0.09,0.07,0.04,0.02,0,0,0
96,0,0,612.03,17.7,1582.81,67333.75,0,69621.4,19328.18,16237.22,12305.3,9325.98,12424.73,0.02,0.017,0.013,0.01,0.006,-0.67,75.11,1.02,0.3,0,0,0,0,0,0.67,0,0.67,0.67,0,0,0,-0.00209,-0.00209,0,0,0,0,0.44,0.09,0.07,0.04,0.02,0,0,0
97,0,0,611.19,17.95,1582.53,67333.27,0,69620.75,19327.75,16237.15,12305.23,9325.93,12424.68,0.02,0.017,0.013,0.01,0.006,-0.65,75.8,0.99,0.3,0,0,0,0,0,0.66,0,0.66,0.66,0,0,0,-0.00217,-0.00217,0,0,0,0,0.43,0.09,0.07,0.04,0.02,0,0,0
98,0,0,610.27,18.22,1582.23,67332.63,0,69620.01,19327.27,16237.06,12305.16,9325.88,12424.64,0.02,0.017,0.013,0.01,0.006,-0.74,76.65,1.19,0.34,0,0,0,0,0,0.74,0,0.74,0.74,0,0,0,-0.00288,-0.00288,0,0,0,0,0.49,0.1,0.08,0.05,0.03,0,0,0
99,0,0,609.38,18.49,1581.94,67332.02,0,69619.29,19326.8,16236.98,12305.09,9325.83,12424.58,0.02,0.017,0.013,0.01,0.006,-0.72,77.47,1.16,0.34,0,0,0,0,0,0.72,0,0.72,0.72,0,0,0,-0.00285,-0.00285,0,0,0,0,0.46,0.1,0.08,0.05,0.03,0,0,0
100,0,0,608.55,18.74,1581.66,67331.44,0,69618.61,19326.38,16236.89,12305.02,9325.78,12424.53,0.02,0.017,0.013,0.01,0.006,-0.68,78.22,1.09,0.34,0,0,0,0,0,0.68,0,0.68,0.68,0,0,0,-0.00253,-0.00253,0,0,0,0,0.42,0.1,0.09,0.05,0.03,0,0,0
101,0,0,607.64,16.27,1584.1,67330.86,0,69617.87,19325.9,16236.81,12304.95,9325.73,12424.48,0.02,0.017,0.013,0.01,0.006,-0.74,78.99,1.11,0.34,0,0,0,0,0,0.74,0,0.74,0.74,0,0,0,-0.00208,-0.00208,0,0,0,0,0.48,0.1,0.09,0.05,0.03,0,0,0
102,0,0,606.64,16.29,1584.05,67330.27,0,69617.06,19325.35,16236.74,12304.88,9325.67,12424.42,0.02,0.017,0.013,0.01,0.006,-0.8,79.81,1.17,0.35,0,0,0,0,0,0.81,0,0.81,0.81,0,0,0,-0.00165,-0.00165,0,0,0,0,0.53,0.1,0.09,0.05,0.03,0,0,0
103,0,0,605.57,16.31,1584,67329.63,0,69616.2,19324.76,16236.65,12304.8,9325.62,12424.37,0.02,0.017,0.013,0.01,0.006,-0.86,80.69,1.25,0.37,0,0,0,0,0,0.86,0,0.86,0.86,0,0,0,-0.00198,-0.00198,0,0,0,0,0.58,0.11,0.09,0.05,0.03,0,0,0
104,0,0,604.54,16.61,1583.68,67329.02,0,69615.37,19324.2,16236.56,12304.73,9325.57,12424.31,0.02,0.017,0.013,0.01,0.006,-0.83,81.53,1.21,0.37,0,0,0,0,0,0.84,0,0.84,0.84,0,0,0,-0.00216,-0.00216,0,0,0,0,0.56,0.11,0.09,0.05,0.03,0,0,0
105,0,0,603.49,16.91,1583.35,67328.31,0,69614.49,19323.62,16236.45,12304.65,9325.51,12424.26,0.02,0.017,0.013,0.01,0.006,-0.88,82.43,1.31,0.4,0,0,0,0,0,0.88,0,0.88,0.88,0,0,0,-0.00257,-0.00257,0,0,0,0,0.58,0.12,0.09,0.05,0.03,0,0,0
106,0,0,602.47,17.2,1583.02,67327.61,0,69613.62,19323.05,16236.35,12304.57,9325.45,12424.2,0.02,0.017,0.013,0.01,0.006,-0.87,83.32,1.3,0.41,0,0,0,0,0,0.87,0,0.87,0.87,0,0,0,-0.00284,-0.00284,0,0,0,0,0.57,0.12,0.1,0.05,0.03,0,0,0
107,0,0,601.29,16.33,1583.87,67326.79,0,69612.61,19322.35,16236.25,12304.48,9325.39,12424.14,0.02,0.017,0.013,0.01,0.006,-1.01,84.33,1.45,0.44,0,0,0,0,0,1.02,0,1.02,1.02,0,0,0,-0.00316,-0.00316,0,0,0,0,0.7,0.12,0.1,0.05,0.03,0,0,0
108,0,0,600.11,16.33,1583.84,67325.98,0,69611.59,19321.64,16236.14,12304.4,9325.33,12424.08,0.02,0.017,0.013,0.01,0.006,-1.02,85.33,1.45,0.45,0,0,0,0,0,1.02,0,1.02,1.02,0,0,0,-0.00278,-0.00278,0,0,0,0,0.7,0.13,0.1,0.06,0.03,0,0,0
109,0,0,598.82,16.37,1583.77,67325.14,0,69609.5,19319.8,16236.07,12304.31,9325.29,12424.03,0.02,0.017,0.013,0.01,0.006,-2.09,85.41,1.56,1.39,0.09,0,0,0,0,2,0,2,2,0,0,0,-0.00206,-0.00206,0,0,0,0,0.61,0,0,0,0,0,0,0
110,0,0,597.55,16.36,1583.74,67324.34,0,69607.49,19318.02,16236,12304.21,9325.25,12423.99,0.02,0.017,0.013,0.01,0.006,-2.02,85.5,1.52,1.32,0.11,0,0,0,0,1.91,0,1.91,1.91,0,0,0,-0.00186,-0.00186,0,0,0,0,0.59,0,0,0,0,0,0,0
111,0,0,596.4,16.33,1583.74,67323.55,0,69606.3,19317.17,16235.89,12304.12,9325.2,12423.94,0.02,0.017,0.013,0.01,0.006,-1.18,86.28,1.42,0.6,0.05,0,0,0,0,1.14,0,1.14,1.14,0,0,0,-0.00238,-0.00238,0,0,0,0,0.65,0.14,0.1,0.06,0.03,0,0,0
112,0,0,595.31,16.31,1583.72,67322.84,0,69605.36,19316.57,16235.77,12304.02,9325.13,12423.87,0.02,0.017,0.013,0.01,0.006,-0.94,87.17,1.34,0.45,0,0,0,0,0,0.94,0,0.94,0.94,0,0,0,-0.00217,-0.00217,0,0,0,0,0.6,0.14,0.11,0.06,0.03,0,0,0
113,0,0,594.3,16.61,1583.39,67322.16,0,69604.46,19316.01,16235.65,12303.93,9325.07,12423.81,0.02,0.017,0.013,0.01,0.006,-0.9,87.99,1.27,0.45,0,0,0,0,0,0.9,0,0.9,0.9,0,0,0,-0.00223,-0.00223,0,0,0,0,0.56,0.14,0.11,0.06,0.03,0,0,0
114,0,0,593.32,16.89,1583.07,67321.52,0,69603.58,19315.47,16235.53,12303.84,9325,12423.74,0.02,0.017,0.013,0.01,0.006,-0.88,88.77,1.24,0.45,0,0,0,0,0,0.89,0,0.89,0.89,0,0,0,-0.00242,-0.00242,0,0,0,0,0.54,0.14,0.11,0.06,0.03,0,0,0
115,0,0,592.33,17.18,1582.75,67320.81,0,69602.66,19314.91,16235.41,12303.74,9324.93,12423.67,0.02,0.017,0.013,0.01,0.006,-0.91,89.59,1.29,0.47,0,0,0,0,0,0.92,0,0.92,0.92,0,0,0,-0.00294,-0.00294,0,0,0,0,0.56,0.14,0.11,0.06,0.03,0,0,0
116,0,0,591.37,17.46,1582.43,67320.09,0,69601.75,19314.37,16235.28,12303.64,9324.86,12423.6,0.02,0.017,0.013,0.01,0.006,-0.91,90.39,1.29,0.49,0,0,0,0,0,0.91,0,0.91,0.91,0,0,0,-0.00321,-0.00321,0,0,0,0,0.55,0.15,0.11,0.06,0.04,0,0,0
117,0,0,590.5,17.72,1582.14,67319.45,0,69600.91,19313.88,16235.16,12303.54,9324.79,12423.53,0.02,0.017,0.013,0.01,0.006,-0.84,91.09,1.17,0.47,0,0,0,0,0,0.84,0,0.84,0.84,0,0,0,-0.00275,-0.00275,0,0,0,0,0.48,0.14,0.11,0.07,0.04,0,0,0
118,0,0,589.68,17.97,1581.85,67318.87,0,69600.11,19313.44,16235.04,12303.44,9324.72,12423.46,0.02,0.017,0.013,0.01,0.006,-0.8,91.73,1.11,0.47,0,0,0,0,0,0.8,0,0.8,0.8,0,0,0,-0.00254,-0.00254,0,0,0,0,0.44,0.14,0.12,0.07,0.04,0,0,0
119,0,0,588.85,18.22,1581.57,67318.23,0,69599.28,19312.98,16234.92,12303.34,9324.65,12423.39,0.02,0.017,0.013,0.01,0.006,-0.83,92.4,1.15,0.48,0,0,0,0,0,0.83,0,0.83,0.83,0,0,0,-0.00306,-0.00306,0,0,0,0,0.46,0.14,0.12,0.07,0.04,0,0,0
120,0,0,587.99,18.48,1581.28,67317.57,0,69598.42,19312.49,16234.8,12303.24,9324.58,12423.31,0.02,0.017,0.013,0.01,0.006,-0.86,93.1,1.2,0.5,0,0,0,0,0,0.87,0,0.87,0.87,0,0,0,-0.00374,-0.00374,0,0,0,0,0.49,0.15,0.12,0.07,0.04,0,0,0
121,0,0,587.12,18.74,1580.99,67316.85,0,69597.52,19311.98,16234.67,12303.14,9324.5,12423.24,0.02,0.017,0.013,0.01,0.006,-0.9,93.81,1.25,0.53,0,0,0,0,0,0.91,0,0.91,0.91,0,0,0,-0.0045,-0.0045,0,0,0,0,0.51,0.15,0.13,0.07,0.04,0,0,0
122,0,0,585.9,16.35,1583.34,67315.88,0,69596.15,19311.02,16234.53,12303.01,9324.42,12423.16,0.02,0.017,0.013,0.01,0.006,-1.37,94.68,1.67,0.77,0.03,0,0,0,0,1.34,0,1.34,1.34,0,0,0,-0.00326,-0.00326,0,0,0,0,0.73,0.19,0.13,0.07,0.04,0,0,0
123,0,0,584.67,16.35,1583.3,67314.88,0,69594.78,19310.08,16234.37,12302.89,9324.35,12423.1,0.02,0.017,0.013,0.01,0.006,-1.36,95.58,1.69,0.75,0.04,0,0,0,0,1.33,0,1.33,1.33,0,0,0,-0.00338,-0.00338,0,0,0,0,0.74,0.2,0.14,0.07,0.04,0,0,0
124,0,0,583.49,16.68,1582.92,67313.93,0,69593.62,19309.37,16234.2,12302.77,9324.27,12423.01,0.02,0.017,0.013,0.01,0.006,-1.16,96.6,1.64,0.62,0,0,0,0,0,1.17,0,1.17,1.17,0,0,0,-0.00345,-0.00345,0,0,0,0,0.71,0.2,0.14,0.08,0.04,0,0,0
125,0,0,582.44,16.99,1582.57,67313.05,0,69592.56,19308.76,16234.04,12302.64,9324.18,12422.93,0.02,0.017,0.013,0.01,0.006,-1.07,97.49,1.5,0.6,0,0,0,0,0,1.07,0,1.07,1.07,0,0,0,-0.00306,-0.00306,0,0,0,0,0.61,0.19,0.14,0.08,0.04,0,0,0
126,0,0,581.31,16.32,1583.19,67312.19,0,69591.42,19308.05,16233.89,12302.53,9324.1,12422.85,0.02,0.017,0.013,0.01,0.006,-1.14,98.41,1.54,0.62,0.01,0,0,0,0,1.14,0,1.14,1.14,0,0,0,-0.00262,-0.00262,0,0,0,0,0.67,0.19,0.14,0.08,0.04,0,0,0
127,0,0,580.23,16.64,1582.84,67311.33,0,69590.32,19307.41,16233.73,12302.4,9324.01,12422.76,0.02,0.017,0.013,0.01,0.006,-1.09,99.28,1.49,0.62,0,0,0,0,0,1.1,0,1.1,1.1,0,0,0,-0.00287,-0.00287,0,0,0,0,0.64,0.19,0.14,0.08,0.04,0,0,0
128,0,0,579.13,16.31,1583.13,67310.44,0,69589.18,19306.73,16233.57,12302.28,9323.93,12422.68,0.02,0.017,0.013,0.01,0.006,-1.14,100.18,1.53,0.63,0,0,0,0,0,1.14,0,1.14,1.14,0,0,0,-0.00319,-0.00319,0,0,0,0,0.68,0.19,0.14,0.08,0.04,0,0,0
129,0,0,577.92,16.34,1583.05,67309.44,0,69586.56,19304.75,16233.35,12302.08,9323.82,12422.57,0.02,0.017,0.013,0.01,0.006,-2.62,99.81,1.7,1.96,0.11,0,0,0,0,2.52,0,2.52,2.52,0,0,0,-0.00327,-0.00327,0,0,0,0,0.73,0.22,0.15,0.08,0.05,0,0,0
130,0,0,576.76,16.33,1583.02,67308.48,0,69585.37,19304.04,16233.17,12301.95,9323.73,12422.48,0.02,0.017,0.013,0.01,0.006,-1.2,100.77,1.64,0.66,0.01,0,0,0,0,1.19,0,1.19,1.19,0,0,0,-0.0029,-0.0029,0,0,0,0,0.69,0.21,0.15,0.08,0.05,0,0,0
131,0,0,575.68,16.65,1582.66,67307.55,0,69584.22,19303.4,16232.99,12301.82,9323.63,12422.39,0.02,0.017,0.013,0.01,0.006,-1.15,101.67,1.56,0.67,0,0,0,0,0,1.15,0,1.15,1.15,0,0,0,-0.00306,-0.00306,0,0,0,0,0.65,0.21,0.15,0.09,0.05,0,0,0
132,0,0,574.65,16.95,1582.31,67306.68,0,69583.1,19302.77,16232.81,12301.68,9323.54,12422.29,0.02,0.017,0.013,0.01,0.006,-1.12,102.52,1.52,0.67,0,0,0,0,0,1.13,0,1.13,1.13,0,0,0,-0.00333,-0.00333,0,0,0,0,0.62,0.21,0.15,0.09,0.05,0,0,0
133,0,0,573.66,17.25,1581.97,67305.8,0,69581.99,19302.17,16232.63,12301.55,9323.44,12422.2,0.02,0.017,0.013,0.01,0.006,-1.11,103.32,1.48,0.68,0,0,0,0,0,1.12,0,1.12,1.12,0,0,0,-0.00362,-0.00362,0,0,0,0,0.6,0.21,0.16,0.09,0.05,0,0,0
134,0,0,572.7,17.53,1581.64,67304.94,0,69580.89,19301.58,16232.45,12301.41,9323.35,12422.1,0.02,0.017,0.013,0.01,0.006,-1.1,104.07,1.45,0.69,0,0,0,0,0,1.1,0,1.1,1.1,0,0,0,-0.0038,-0.0038,0,0,0,0,0.58,0.21,0.16,0.09,0.05,0,0,0
135,0,0,571.52,16.33,1582.79,67303.91,0,69578.45,19299.78,16232.22,12301.21,9323.23,12421.99,0.02,0.017,0.013,0.01,0.006,-2.44,103.89,1.72,1.81,0.1,0,0,0,0,2.34,0,2.34,2.34,0,0,0,-0.00327,-0.00327,0,0,0,0,0.73,0.25,0.17,0.09,0.05,0,0,0
136,0,0,570.35,16.67,1582.4,67302.88,0,69577.16,19299.06,16232.02,12301.07,9323.13,12421.89,0.02,0.017,0.013,0.01,0.006,-1.29,104.85,1.72,0.75,0,0,0,0,0,1.28,0,1.28,1.28,0,0,0,-0.00339,-0.00339,0,0,0,0,0.72,0.24,0.17,0.09,0.05,0,0,0
137,0,0,569.25,16.99,1582.03,67301.89,0,69575.9,19298.37,16231.81,12300.91,9323.03,12421.79,0.02,0.017,0.013,0.01,0.006,-1.26,105.73,1.65,0.76,0,0,0,0,0,1.26,0,1.26,1.26,0,0,0,-0.00373,-0.00373,0,0,0,0,0.69,0.24,0.17,0.1,0.05,0,0,0
138,0,0,568.19,17.3,1581.68,67300.93,0,69574.66,19297.7,16231.6,12300.76,9322.92,12421.68,0.02,0.017,0.013,0.01,0.006,-1.24,106.55,1.6,0.78,0,0,0,0,0,1.25,0,1.25,1.25,0,0,0,-0.00427,-0.00427,0,0,0,0,0.67,0.24,0.18,0.1,0.05,0,0,0
139,0,0,567.24,17.59,1581.34,67300.02,0,69573.5,19297.11,16231.4,12300.61,9322.82,12421.58,0.02,0.017,0.013,0.01,0.006,-1.16,107.29,1.5,0.76,0,0,0,0,0,1.16,0,1.16,1.16,0,0,0,-0.00361,-0.00361,0,0,0,0,0.59,0.23,0.18,0.1,0.05,0,0,0
140,0,0,566.31,17.87,1581.02,67299.15,0,69572.35,19296.53,16231.2,12300.45,9322.71,12421.47,0.02,0.017,0.013,0.01,0.006,-1.16,108,1.47,0.77,0,0,0,0,0,1.16,0,1.16,1.16,0,0,0,-0.004,-0.004,0,0,0,0,0.58,0.23,0.18,0.1,0.05,0,0,0
141,0,0,565.42,18.14,1580.7,67298.3,0,69571.22,19295.97,16231,12300.29,9322.6,12421.36,0.02,0.017,0.013,0.01,0.006,-1.13,108.65,1.43,0.77,0,0,0,0,0,1.14,0,1.14,1.14,0,0,0,-0.00405,-0.00405,0,0,0,0,0.56,0.23,0.18,0.1,0.06,0,0,0
142,0,0,564.56,18.41,1580.39,67297.46,0,69570.09,19295.43,16230.8,12300.13,9322.48,12421.25,0.02,0.017,0.013,0.01,0.006,-1.13,109.27,1.4,0.78,0,0,0,0,0,1.13,0,1.13,1.13,0,0,0,-0.00428,-0.00428,0,0,0,0,0.54,0.23,0.19,0.1,0.06,0,0,0
143,0,0,563.73,18.66,1580.09,67296.63,0,69568.98,19294.9,16230.6,12299.97,9322.37,12421.13,0.02,0.017,0.013,0.01,0.006,-1.12,109.85,1.37,0.78,0,0,0,0,0,1.12,0,1.12,1.12,0,0,0,-0.00433,-0.00433,0,0,0,0,0.52,0.23,0.19,0.11,0.06,0,0,0
144,0,0,562.92,18.92,1579.79,67295.82,0,69567.86,19294.38,16230.4,12299.81,9322.25,12421.01,0.02,0.017,0.013,0.01,0.006,-1.12,110.4,1.35,0.79,0,0,0,0,0,1.12,0,1.12,1.12,0,0,0,-0.0046,-0.0046,0,0,0,0,0.52,0.23,0.19,0.11,0.06,0,0,0
145,0,0,562.15,19.16,1579.51,67295.03,0,69566.77,19293.89,16230.21,12299.64,9322.13,12420.9,0.02,0.017,0.013,0.01,0.006,-1.09,110.92,1.31,0.79,0,0,0,0,0,1.09,0,1.09,1.09,0,0,0,-0.00432,-0.00432,0,0,0,0,0.49,0.23,0.2,0.11,0.06,0,0,0
146,0,0,561.01,16.32,1582.29,67293.98,0,69565.36,19293.1,16230,12299.47,9322.01,12420.78,0.02,0.017,0.013,0.01,0.006,-1.41,111.76,1.74,0.91,0,0,0,0,0,1.41,0,1.41,1.41,0,0,0,-0.00325,-0.00325,0,0,0,0,0.73,0.28,0.2,0.11,0.06,0,0,0
147,0,0,559.88,16.32,1582.24,67292.91,0,69563.92,19292.3,16229.77,12299.3,9321.9,12420.66,0.02,0.017,0.013,0.01,0.006,-1.44,112.56,1.74,0.92,0.01,0,0,0,0,1.43,0,1.43,1.43,0,0,0,-0.00358,-0.00358,0,0,0,0,0.74,0.28,0.2,0.11,0.06,0,0,0
148,0,0,558.78,16.64,1581.86,67291.9,0,69562.53,19291.57,16229.53,12299.12,9321.77,12420.54,0.02,0.017,0.013,0.01,0.006,-1.4,113.36,1.7,0.91,0,0,0,0,0,1.4,0,1.4,1.4,0,0,0,-0.004,-0.004,0,0,0,0,0.73,0.28,0.2,0.11,0.06,0,0,0
149,0,0,557.75,16.95,1581.5,67290.91,0,69561.18,19290.88,16229.29,12298.94,9321.65,12420.41,0.02,0.017,0.013,0.01,0.006,-1.35,114.07,1.62,0.91,0,0,0,0,0,1.36,0,1.36,1.36,0,0,0,-0.00409,-0.00409,0,0,0,0,0.68,0.28,0.21,0.12,0.06,0,0,0
150,0,0,556.63,16.31,1582.08,67289.85,0,69559.66,19290.03,16229.06,12298.76,9321.53,12420.29,0.02,0.017,0.013,0.01,0.006,-1.52,114.79,1.74,1,0.02,0,0,0,0,1.5,0,1.5,1.5,0,0,0,-0.00354,-0.00354,0,0,0,0,0.74,0.3,0.21,0.12,0.06,0,0,0
151,0,0,555.52,16.31,1582.03,67288.79,0,69557.74,19288.77,16228.82,12298.57,9321.41,12420.18,0.02,0.017,0.013,0.01,0.006,-1.92,115.09,1.74,1.36,0.08,0,0,0,0,1.85,0,1.85,1.85,0,0,0,-0.00309,-0.00309,0,0,0,0,0.73,0.3,0.21,0.12,0.07,0,0,0
152,0,0,554.41,16.31,1581.98,67287.73,0,69556.31,19288.03,16228.57,12298.38,9321.28,12420.05,0.02,0.017,0.013,0.01,0.006,-1.43,115.88,1.74,0.95,0,0,0,0,0,1.44,0,1.44,1.44,0,0,0,-0.00375,-0.00375,0,0,0,0,0.74,0.3,0.21,0.12,0.07,0,0,0
153,0,0,553.33,16.63,1581.6,67286.7,0,69554.87,19287.29,16228.31,12298.2,9321.15,12419.92,0.02,0.017,0.013,0.01,0.006,-1.44,116.61,1.69,0.96,0,0,0,0,0,1.44,0,1.44,1.44,0,0,0,-0.00421,-0.00421,0,0,0,0,0.73,0.3,0.21,0.12,0.07,0,0,0
154,0,0,552.23,16.31,1581.87,67285.64,0,69553.34,19286.48,16228.05,12298.01,9321.02,12419.79,0.02,0.017,0.013,0.01,0.006,-1.53,117.29,1.73,1.04,0.01,0,0,0,0,1.52,0,1.52,1.52,0,0,0,-0.00439,-0.00439,0,0,0,0,0.76,0.32,0.22,0.12,0.07,0,0,0
155,0,0,551.15,16.63,1581.49,67284.59,0,69551.85,19285.72,16227.78,12297.81,9320.88,12419.65,0.02,0.017,0.013,0.01,0.006,-1.49,117.99,1.72,1.02,0,0,0,0,0,1.5,0,1.5,1.5,0,0,0,-0.00438,-0.00438,0,0,0,0,0.75,0.32,0.22,0.13,0.07,0,0,0
156,0,0,550.13,16.94,1581.13,67283.59,0,69550.39,19285.01,16227.51,12297.61,9320.75,12419.52,0.02,0.017,0.013,0.01,0.006,-1.46,118.6,1.64,1.03,0,0,0,0,0,1.47,0,1.47,1.47,0,0,0,-0.00489,-0.00489,0,0,0,0,0.72,0.32,0.23,0.13,0.07,0,0,0
157,0,0,549.18,17.22,1580.78,67282.65,0,69548.98,19284.35,16227.24,12297.41,9320.61,12419.38,0.02,0.017,0.013,0.01,0.006,-1.41,119.15,1.56,1.01,0,0,0,0,0,1.41,0,1.41,1.41,0,0,0,-0.00452,-0.00452,0,0,0,0,0.66,0.31,0.23,0.13,0.07,0,0,0
158,0,0,548.29,17.5,1580.46,67281.75,0,69547.62,19283.72,16226.99,12297.21,9320.47,12419.23,0.02,0.017,0.013,0.01,0.006,-1.37,119.64,1.49,1,0,0,0,0,0,1.37,0,1.37,1.37,0,0,0,-0.00449,-0.00449,0,0,0,0,0.62,0.3,0.23,0.13,0.07,0,0,0
159,0,0,547.43,17.77,1580.14,67280.86,0,69546.28,19283.13,16226.73,12297.01,9320.32,12419.09,0.02,0.017,0.013,0.01,0.006,-1.34,120.08,1.45,1,0,0,0,0,0,1.35,0,1.35,1.35,0,0,0,-0.00466,-0.00466,0,0,0,0,0.6,0.3,0.24,0.13,0.07,0,0,0
160,0,0,546.61,18.02,1579.83,67279.99,0,69544.95,19282.55,16226.48,12296.8,9320.18,12418.94,0.02,0.017,0.013,0.01,0.006,-1.32,120.49,1.41,1,0,0,0,0,0,1.32,0,1.32,1.32,0,0,0,-0.0047,-0.0047,0,0,0,0,0.57,0.29,0.24,0.14,0.07,0,0,0
161,0,0,545.83,18.27,1579.53,67279.16,0,69543.66,19282,16226.23,12296.6,9320.03,12418.79,0.02,0.017,0.013,0.01,0.006,-1.3,120.86,1.37,0.99,0,0,0,0,0,1.3,0,1.3,1.3,0,0,0,-0.00466,-0.00466,0,0,0,0,0.55,0.29,0.24,0.14,0.08,0,0,0
162,0,0,545.06,18.51,1579.24,67278.35,0,69542.37,19281.46,16225.99,12296.4,9319.89,12418.64,0.02,0.017,0.013,0.01,0.006,-1.28,121.21,1.34,1,0,0,0,0,0,1.29,0,1.29,1.29,0,0,0,-0.00491,-0.00491,0,0,0,0,0.54,0.29,0.24,0.14,0.08,0,0,0
163,0,0,544.33,18.75,1578.95,67277.55,0,69541.1,19280.93,16225.75,12296.19,9319.74,12418.49,0.02,0.017,0.013,0.01,0.006,-1.27,121.53,1.31,0.99,0,0,0,0,0,1.27,0,1.27,1.27,0,0,0,-0.00481,-0.00481,0,0,0,0,0.52,0.28,0.24,0.14,0.08,0,0,0
164,0,0,543.26,16.3,1581.35,67276.49,0,69538.83,19278.8,16225.72,12296.14,9319.71,12418.46,0.02,0.017,0.013,0.01,0.006,-2.27,121.44,1.73,1.7,0.12,0,0,0,0,2.16,0,2.16,2.16,0,0,0,-0.0034,-0.0034,0,0,0,0,0.46,0,0,0,0,0,0,0
165,0,0,542.2,16.29,1581.29,67275.43,0,69536.61,19276.72,16225.67,12296.08,9319.7,12418.45,0.02,0.017,0.013,0.01,0.006,-2.22,121.39,1.73,1.61,0.16,0,0,0,0,2.07,0,2.07,2.07,0,0,0,-0.0036,-0.0036,0,0,0,0,0.45,0,0,0,0,0,0,0
166,0,0,541.15,16.29,1581.23,67274.38,0,69534.5,19274.74,16225.62,12296.02,9319.68,12418.44,0.02,0.017,0.013,0.01,0.006,-2.11,121.45,1.72,1.5,0.16,0,0,0,0,1.96,0,1.96,1.96,0,0,0,-0.00361,-0.00361,0,0,0,0,0.45,0,0,0,0,0,0,0
167,0,0,540.1,16.29,1581.17,67273.31,0,69532.5,19272.87,16225.58,12295.96,9319.67,12418.43,0.02,0.017,0.013,0.01,0.006,-2,121.63,1.72,1.39,0.16,0,0,0,0,1.84,0,1.84,1.84,0,0,0,-0.00338,-0.00338,0,0,0,0,0.45,0,0,0,0,0,0,0
168,0,0,539.05,16.29,1581.1,67272.26,0,69530.64,19271.13,16225.53,12295.91,9319.65,12418.42,0.02,0.017,0.013,0.01,0.006,-1.86,121.93,1.72,1.25,0.16,0,0,0,0,1.7,0,1.7,1.7,0,0,0,-0.00302,-0.00302,0,0,0,0,0.44,0,0,0,0,0,0,0
169,0,0,538.01,16.29,1581.04,67271.2,0,69528.9,19269.52,16225.47,12295.86,9319.64,12418.41,0.02,0.017,0.013,0.01,0.006,-1.74,122.36,1.72,1.13,0.17,0,0,0,0,1.57,0,1.57,1.57,0,0,0,-0.00323,-0.00323,0,0,0,0,0.44,0,0,0,0,0,0,0
170,0,0,536.97,16.29,1580.98,67270.14,0,69527.27,19268.02,16225.42,12295.8,9319.63,12418.4,0.02,0.017,0.013,0.01,0.006,-1.63,122.89,1.72,1.02,0.17,0,0,0,0,1.46,0,1.46,1.46,0,0,0,-0.00309,-0.00309,0,0,0,0,0.44,0,0,0,0,0,0,0
171,0,0,535.94,16.29,1580.92,67269.08,0,69525.72,19266.59,16225.37,12295.75,9319.61,12418.4,0.02,0.017,0.013,0.01,0.006,-1.56,123.49,1.72,0.95,0.17,0,0,0,0,1.39,0,1.39,1.39,0,0,0,-0.00327,-0.00327,0,0,0,0,0.44,0,0,0,0,0,0,0
172,0,0,534.91,16.28,1580.85,67268.02,0,69524.21,19265.2,16225.31,12295.71,9319.6,12418.39,0.02,0.017,0.013,0.01,0.006,-1.5,124.14,1.72,0.9,0.17,0,0,0,0,1.34,0,1.34,1.34,0,0,0,-0.00329,-0.00329,0,0,0,0,0.43,0,0,0,0,0,0,0
173,0,0,533.88,16.28,1580.79,67266.97,0,69522.73,19263.84,16225.26,12295.66,9319.59,12418.38,0.02,0.017,0.013,0.01,0.006,-1.49,124.8,1.72,0.88,0.17,0,0,0,0,1.31,0,1.31,1.31,0,0,0,-0.00326,-0.00326,0,0,0,0,0.43,0,0,0,0,0,0,0
174,0,0,532.86,16.28,1580.73,67265.91,0,69521.26,19262.49,16225.2,12295.61,9319.58,12418.38,0.02,0.017,0.013,0.01,0.006,-1.47,125.48,1.72,0.87,0.17,0,0,0,0,1.3,0,1.3,1.3,0,0,0,-0.00333,-0.00333,0,0,0,0,0.43,0,0,0,0,0,0,0
175,0,0,531.85,16.28,1580.66,67264.85,0,69519.8,19261.15,16225.13,12295.57,9319.57,12418.38,0.02,0.017,0.013,0.01,0.006,-1.46,126.16,1.72,0.86,0.17,0,0,0,0,1.29,0,1.29,1.29,0,0,0,-0.00349,-0.00349,0,0,0,0,0.43,0,0,0,0,0,0,0
176,0,0,530.83,16.28,1580.6,67263.78,0,69518.34,19259.82,16225.06,12295.52,9319.56,12418.38,0.02,0.017,0.013,0.01,0.006,-1.46,126.84,1.72,0.86,0.18,0,0,0,0,1.29,0,1.29,1.29,0,0,0,-0.00349,-0.00349,0,0,0,0,0.42,0,0,0,0,0,0,0
177,0,0,529.83,16.28,1580.53,67262.72,0,69516.88,19258.48,16224.99,12295.48,9319.55,12418.37,0.02,0.017,0.013,0.01,0.006,-1.46,127.52,1.71,0.86,0.18,0,0,0,0,1.28,0,1.28,1.28,0,0,0,-0.00338,-0.00338,0,0,0,0,0.42,0,0,0,0,0,0,0
178,0,0,528.82,16.28,1580.47,67261.67,0,69515.43,19257.15,16224.92,12295.44,9319.54,12418.38,0.02,0.017,0.013,0.01,0.006,-1.45,128.19,1.71,0.86,0.18,0,0,0,0,1.28,0,1.28,1.28,0,0,0,-0.00359,-0.00359,0,0,0,0,0.42,0,0,0,0,0,0,0
179,0,0,527.82,16.27,1580.4,67260.62,0,69513.98,19255.83,16224.83,12295.41,9319.54,12418.38,0.02,0.017,0.013,0.01,0.006,-1.45,128.87,1.71,0.86,0.18,0,0,0,0,1.27,0,1.27,1.27,0,0,0,-0.00348,-0.00348,0,0,0,0,0.42,0,0,0,0,0,0,0
180,0,0,526.82,16.27,1580.34,67259.55,0,69512.53,19254.51,16224.75,12295.37,9319.53,12418.38,0.02,0.017,0.013,0.01,0.006,-1.45,129.55,1.71,0.85,0.18,0,0,0,0,1.27,0,1.27,1.27,0,0,0,-0.00344,-0.00344,0,0,0,0,0.41,0,0,0,0,0,0,0
181,0,0,525.83,16.27,1580.27,67258.49,0,69511.08,19253.2,16224.65,12295.34,9319.52,12418.38,0.02,0.017,0.013,0.01,0.006,-1.45,130.22,1.71,0.85,0.18,0,0,0,0,1.26,0,1.26,1.26,0,0,0,-0.00355,-0.00355,0,0,0,0,0.41,0,0,0,0,0,0,0
182,0,0,524.84,16.27,1580.2,67257.44,0,69509.64,19251.89,16224.55,12295.3,9319.51,12418.38,0.02,0.017,0.013,0.01,0.006,-1.44,130.9,1.71,0.85,0.18,0,0,0,0,1.26,0,1.26,1.26,0,0,0,-0.00339,-0.00339,0,0,0,0,0.41,0,0,0,0,0,0,0
183,0,0,523.86,16.27,1580.13,67256.37,0,69508.21,19250.59,16224.45,12295.27,9319.51,12418.39,0.02,0.017,0.013,0.01,0.006,-1.43,131.58,1.71,0.84,0.19,0,0,0,0,1.25,0,1.25,1.25,0,0,0,-0.00348,-0.00348,0,0,0,0,0.41,0,0,0,0,0,0,0
184,0,0,522.88,16.27,1580.06,67255.31,0,69506.79,19249.31,16224.34,12295.24,9319.5,12418.4,0.02,0.017,0.013,0.01,0.006,-1.43,132.26,1.71,0.84,0.19,0,0,0,0,1.24,0,1.24,1.24,0,0,0,-0.0032,-0.0032,0,0,0,0,0.4,0,0,0,0,0,0,0
185,0,0,521.9,16.27,1580,67254.26,0,69505.36,19248.03,16224.21,12295.22,9319.5,12418.4,0.02,0.017,0.013,0.01,0.006,-1.42,132.95,1.71,0.83,0.19,0,0,0,0,1.24,0,1.24,1.24,0,0,0,-0.00319,-0.00319,0,0,0,0,0.4,0,0,0,0,0,0,0
186,0,0,520.92,16.26,1579.93,67253.2,0,69503.95,19246.77,16224.09,12295.19,9319.49,12418.41,0.02,0.017,0.013,0.01,0.006,-1.41,133.64,1.71,0.83,0.19,0,0,0,0,1.23,0,1.23,1.23,0,0,0,-0.00326,-0.00326,0,0,0,0,0.4,0,0,0,0,0,0,0
187,0,0,519.95,16.26,1579.86,67252.13,0,69502.54,19245.52,16223.95,12295.17,9319.49,12418.42,0.02,0.017,0.013,0.01,0.006,-1.41,134.33,1.71,0.82,0.19,0,0,0,0,1.22,0,1.22,1.22,0,0,0,-0.00334,-0.00334,0,0,0,0,0.4,0,0,0,0,0,0,0
188,0,0,518.99,16.26,1579.79,67251.07,0,69501.14,19244.28,16223.81,12295.15,9319.48,12418.43,0.02,0.017,0.013,0.01,0.006,-1.4,135.03,1.7,0.81,0.19,0,0,0,0,1.21,0,1.21,1.21,0,0,0,-0.00358,-0.00358,0,0,0,0,0.39,0,0,0,0,0,0,0
189,0,0,518.03,16.26,1579.72,67250.01,0,69499.75,19243.05,16223.65,12295.13,9319.48,12418.44,0.02,0.017,0.013,0.01,0.006,-1.39,135.73,1.7,0.81,0.19,0,0,0,0,1.2,0,1.2,1.2,0,0,0,-0.00363,-0.00363,0,0,0,0,0.39,0,0,0,0,0,0,0
190,0,0,517.07,16.26,1579.65,67248.96,0,69497.81,19242.44,16223.13,12294.78,9319.24,12418.21,0.02,0.017,0.013,0.01,0.006,-1.95,135.88,1.7,1.5,0.05,0,0,0,0,1.89,0,1.89,1.89,0,0,0,-0.00395,-0.00395,0,0,0,0,0.52,0.6,0.39,0.23,0.12,0,0,0
191,0,0,516.11,16.56,1579.28,67247.9,0,69495.97,19241.92,16222.65,12294.43,9319,12417.97,0.02,0.017,0.013,0.01,0.006,-1.84,136.13,1.7,1.45,0,0,0,0,0,1.84,0,1.84,1.84,0,0,0,-0.00413,-0.00413,0,0,0,0,0.52,0.58,0.39,0.23,0.12,0,0,0
192,0,0,515.22,16.84,1578.93,67246.88,0,69494.18,19241.43,16222.18,12294.09,9318.76,12417.73,0.02,0.017,0.013,0.01,0.006,-1.79,136.32,1.62,1.43,0,0,0,0,0,1.79,0,1.79,1.79,0,0,0,-0.00445,-0.00445,0,0,0,0,0.49,0.56,0.39,0.23,0.12,0,0,0
193,0,0,514.27,16.25,1579.44,67245.81,0,69492.56,19239.96,16222.05,12294.07,9318.75,12417.73,0.02,0.017,0.013,0.01,0.006,-1.62,136.78,1.7,1.08,0.16,0,0,0,0,1.47,0,1.47,1.47,0,0,0,-0.00341,-0.00341,0,0,0,0,0.38,0,0,0,0,0,0,0
194,0,0,513.33,16.25,1579.37,67244.76,0,69491.04,19238.62,16221.88,12294.05,9318.75,12417.74,0.02,0.017,0.013,0.01,0.006,-1.52,137.33,1.7,0.94,0.2,0,0,0,0,1.32,0,1.32,1.32,0,0,0,-0.00383,-0.00383,0,0,0,0,0.38,0,0,0,0,0,0,0
195,0,0,512.39,16.25,1579.29,67243.7,0,69489.6,19237.35,16221.71,12294.04,9318.74,12417.75,0.02,0.017,0.013,0.01,0.006,-1.45,137.96,1.7,0.87,0.2,0,0,0,0,1.25,0,1.25,1.25,0,0,0,-0.0034,-0.0034,0,0,0,0,0.38,0,0,0,0,0,0,0
196,0,0,511.45,16.25,1579.22,67242.63,0,69488.18,19236.13,16221.53,12294.02,9318.74,12417.77,0.02,0.017,0.013,0.01,0.006,-1.42,138.62,1.7,0.84,0.2,0,0,0,0,1.21,0,1.21,1.21,0,0,0,-0.00337,-0.00337,0,0,0,0,0.37,0,0,0,0,0,0,0
197,0,0,510.52,16.25,1579.15,67241.59,0,69485.76,19235.17,16220.9,12293.66,9318.5,12417.54,0.02,0.017,0.013,0.01,0.006,-2.41,138.27,1.7,1.88,0.16,0,0,0,0,2.26,0,2.26,2.26,0,0,0,-0.00355,-0.00355,0,0,0,0,0.49,0.63,0.41,0.24,0.13,0,0,0
198,0,0,509.59,16.54,1578.78,67240.52,0,69483.89,19234.68,16220.4,12293.29,9318.24,12417.28,0.02,0.017,0.013,0.01,0.006,-1.87,138.47,1.7,1.5,0,0,0,0,0,1.88,0,1.88,1.88,0,0,0,-0.00403,-0.00403,0,0,0,0,0.49,0.6,0.41,0.24,0.13,0,0,0
199,0,0,508.66,16.25,1579,67239.45,0,69482.38,19233.35,16220.23,12293.28,9318.24,12417.29,0.02,0.017,0.013,0.01,0.006,-1.51,139.02,1.69,0.97,0.17,0,0,0,0,1.34,0,1.34,1.34,0,0,0,-0.00338,-0.00338,0,0,0,0,0.37,0,0,0,0,0,0,0
200,0,0,507.74,16.24,1578.93,67238.4,0,69480.92,19232.09,16220.03,12293.27,9318.23,12417.3,0.02,0.017,0.013,0.01,0.006,-1.46,139.62,1.69,0.88,0.21,0,0,0,0,1.25,0,1.25,1.25,0,0,0,-0.00364,-0.00364,0,0,0,0,0.36,0,0,0,0,0,0,0
201,0,0,506.82,16.24,1578.85,67237.32,0,69479.51,19230.89,16219.82,12293.26,9318.23,12417.32,0.02,0.017,0.013,0.01,0.006,-1.41,140.26,1.69,0.84,0.21,0,0,0,0,1.21,0,1.21,1.21,0,0,0,-0.0036,-0.0036,0,0,0,0,0.36,0,0,0,0,0,0,0
202,0,0,505.91,16.24,1578.78,67236.27,0,69478.12,19229.72,16219.6,12293.25,9318.23,12417.33,0.02,0.017,0.013,0.01,0.006,-1.39,140.93,1.69,0.82,0.21,0,0,0,0,1.18,0,1.18,1.18,0,0,0,-0.00344,-0.00344,0,0,0,0,0.36,0,0,0,0,0,0,0
203,0,0,505,16.24,1578.7,67235.2,0,69476.75,19228.57,16219.37,12293.24,9318.22,12417.35,0.02,0.017,0.013,0.01,0.006,-1.38,141.6,1.69,0.81,0.21,0,0,0,0,1.17,0,1.17,1.17,0,0,0,-0.00345,-0.00345,0,0,0,0,0.36,0,0,0,0,0,0,0
204,0,0,504.09,16.24,1578.63,67234.13,0,69475.38,19227.43,16219.13,12293.24,9318.22,12417.37,0.02,0.017,0.013,0.01,0.006,-1.37,142.28,1.69,0.8,0.21,0,0,0,0,1.16,0,1.16,1.16,0,0,0,-0.00368,-0.00368,0,0,0,0,0.36,0,0,0,0,0,0,0
205,0,0,503.18,16.24,1578.55,67233.08,0,69474.02,19226.3,16218.88,12293.23,9318.22,12417.39,0.02,0.017,0.013,0.01,0.006,-1.36,142.97,1.69,0.79,0.21,0,0,0,0,1.15,0,1.15,1.15,0,0,0,-0.00357,-0.00357,0,0,0,0,0.35,0,0,0,0,0,0,0
206,0,0,502.28,16.23,1578.47,67232.02,0,69472.66,19225.19,16218.62,12293.22,9318.22,12417.41,0.02,0.017,0.013,0.01,0.006,-1.36,143.65,1.69,0.79,0.22,0,0,0,0,1.14,0,1.14,1.14,0,0,0,-0.00357,-0.00357,0,0,0,0,0.35,0,0,0,0,0,0,0
207,0,0,501.39,16.23,1578.4,67230.96,0,69470.62,19224.72,16218.03,12292.8,9317.94,12417.13,0.02,0.017,0.013,0.01,0.006,-2.04,143.64,1.69,1.69,0.03,160.6,0.72,0.72,30.58,2.05,128.58,34.07,-126.54,0,0.03,0,-0.00399,-0.00399,0,0,0,0,0.44,0.7,0.47,0.28,0.15,0,0,0
208,0,0,500.49,16.23,1578.32,67229.9,0,69468.57,19224.18,16217.43,12292.4,9317.67,12416.88,0.02,0.017,0.013,0.01,0.006,-2.05,143.63,1.69,1.73,0.04,158.31,1.38,1.38,29.68,2.08,125.88,34.51,-123.8,0,0.07,0,-0.00391,-0.00391,0,0,0,0,0.44,0.7,0.47,0.28,0.15,0,0,0
209,0,0,499.6,16.23,1578.24,67228.82,0,69466.59,19223.68,16216.86,12292,9317.41,12416.63,0.02,0.017,0.013,0.01,0.006,-1.98,143.68,1.69,1.71,0.03,161.41,2.07,2.07,29.78,2.06,127.48,35.98,-125.43,0,0.1,0,-0.00395,-0.00395,0,0,0,0,0.44,0.69,0.46,0.28,0.15,0,0,0
210,0,0,498.71,16.23,1578.17,67227.77,0,69464.04,19222.73,16216.12,12291.61,9317.16,12416.42,0.02,0.017,0.013,0.01,0.006,-2.54,143.17,1.69,2.16,0.18,164.52,2.78,2.78,29.88,2.51,129.08,37.94,-126.58,0,0.14,0,-0.00394,-0.00394,0,0,0,0,0.44,0.69,0.46,0.28,0.15,0,0,0
211,0,0,497.85,16.22,1578.09,67226.71,0,69462.13,19222.23,16215.55,12291.24,9316.91,12416.2,0.02,0.017,0.013,0.01,0.006,-1.91,143.27,1.67,1.7,0.05,172.23,3.61,3.61,30.77,2.05,134.25,40.03,-132.2,0,0.18,0,-0.00412,-0.00412,0,0,0,0,0.44,0.68,0.46,0.28,0.15,0,0,0
212,0,0,497.11,16.17,1578,67225.66,0,69460.3,19221.77,16215.01,12290.86,9316.67,12415.99,0.02,0.017,0.013,0.01,0.006,-1.83,143.37,1.6,1.69,0.03,181.47,4.55,4.55,31.86,2.03,140.51,42.99,-138.48,0,0.22,0,-0.00429,-0.00429,0,0,0,0,0.44,0.68,0.46,0.28,0.15,0,0,0
213,0,0,496.43,16.37,1577.64,67224.59,0,69458.57,19221.38,16214.51,12290.48,9316.43,12415.78,0.02,0.017,0.013,0.01,0.006,-1.73,143.54,1.56,1.66,0,189.65,5.53,5.53,32.71,2,145.88,45.77,-143.88,0,0.27,0,-0.00465,-0.00465,0,0,0,0,0.44,0.67,0.46,0.27,0.15,0,0,0
214,0,0,495.82,16.54,1577.28,67223.52,0,69456.91,19220.99,16214.02,12290.12,9316.2,12415.59,0.02,0.017,0.013,0.01,0.006,-1.66,143.74,1.52,1.64,0,200.29,6.67,6.67,33.9,1.98,153.05,49.22,-151.07,0,0.31,0,-0.00505,-0.00505,0,0,0,0,0.44,0.66,0.45,0.27,0.15,0,0,0
215,0,0,495.26,16.7,1576.92,67222.47,0,69455.32,19220.61,16213.55,12289.77,9315.98,12415.41,0.02,0.017,0.013,0.01,0.006,-1.59,143.98,1.49,1.62,0,202.36,7.54,7.54,33.63,1.96,153.65,50.67,-151.69,0,0.36,0,-0.00528,-0.00528,0,0,0,0,0.44,0.64,0.45,0.27,0.15,0,0,0
216,0,0,494.76,16.84,1576.58,67221.45,0,69453.83,19220.26,16213.11,12289.44,9315.77,12415.26,0.02,0.017,0.013,0.01,0.006,-1.49,144.2,1.4,1.59,0,187.94,7.67,7.67,30.74,1.9,141.87,47.97,-139.97,0,0.41,0,-0.00511,-0.00511,0,0,0,0,0.41,0.62,0.44,0.27,0.15,0,0,0
217,0,0,494.24,16.08,1577.12,67220.4,0,69452.17,19219.78,16212.61,12289.11,9315.56,12415.12,0.02,0.017,0.013,0.01,0.006,-1.66,144.34,1.47,1.76,0.02,188.96,8.35,8.35,30.4,2.1,141.87,49.2,-139.77,0,0.45,0,-0.00434,-0.00434,0,0,0,0,0.45,0.68,0.47,0.29,0.16,0,0,0
218,0,0,493.76,16.06,1576.91,67219.34,0,69450.61,19219.38,16212.13,12288.77,9315.35,12414.97,0.02,0.017,0.013,0.01,0.006,-1.56,144.56,1.45,1.72,0.01,198.84,9.46,9.46,31.42,2.06,148.49,52.41,-146.43,0,0.5,0,-0.00452,-0.00452,0,0,0,0,0.45,0.68,0.47,0.29,0.17,0,0,0
219,0,0,493.31,16.04,1576.67,67218.27,0,69448.95,19218.85,16211.61,12288.46,9315.16,12414.86,0.02,0.017,0.013,0.01,0.006,-1.66,144.65,1.43,1.8,0.08,200,10.17,10.17,31.07,2.13,148.59,53.55,-146.45,0,0.55,0,-0.0045,-0.0045,0,0,0,0,0.45,0.67,0.47,0.29,0.17,0,0,0
220,0,0,492.91,16.02,1576.43,67217.2,0,69447.5,19218.48,16211.16,12288.14,9314.97,12414.75,0.02,0.017,0.013,0.01,0.006,-1.45,144.93,1.4,1.73,0.01,194.67,10.5,10.5,29.76,2.06,143.92,52.81,-141.87,0,0.6,0,-0.00442,-0.00442,0,0,0,0,0.46,0.67,0.47,0.29,0.17,0,0,0
221,0,0,492.52,16.01,1576.17,67216.14,0,69447.04,19217.72,16211.05,12288.23,9315.07,12414.97,0.02,0.017,0.013,0.01,0.006,-0.45,146.19,1.39,0.56,0.2,121.77,10.14,10.14,17.41,0.89,84.07,38.58,-83.18,0,0.64,0,-0.00376,-0.00376,0,0,0,0,0.32,0,0,0,0,0,0,0
222,0,0,492.14,16.01,1575.9,67215.09,0,69446.59,19216.97,16210.92,12288.32,9315.17,12415.21,0.02,0.017,0.013,0.01,0.006,-0.46,147.45,1.39,0.56,0.23,97.16,10.44,10.44,13.08,0.89,63.2,34.85,-62.31,0,0.66,0,-0.00379,-0.00379,0,0,0,0,0.32,0,0,0,0,0,0,0
223,0,0,491.76,16.01,1575.63,67214.01,0,69446.16,19216.23,16210.78,12288.42,9315.28,12415.45,0.02,0.017,0.013,0.01,0.006,-0.43,148.74,1.39,0.56,0.23,96.28,10.58,10.58,12.77,0.89,62.35,34.82,-61.46,0,0.69,0,-0.00378,-0.00378,0,0,0,0,0.32,0,0,0,0,0,0,0
224,0,0,491.38,16,1575.37,67212.95,0,69445.75,19215.5,16210.65,12288.52,9315.39,12415.7,0.02,0.017,0.013,0.01,0.006,-0.4,150.05,1.39,0.56,0.24,97.22,11.52,11.52,12.49,0.88,61.7,36.41,-60.81,0,0.71,0,-0.00401,-0.00401,0,0,0,0,0.32,0,0,0,0,0,0,0
225,0,0,491,16,1575.1,67211.89,0,69445.38,19214.77,16210.51,12288.63,9315.51,12415.96,0.02,0.017,0.013,0.01,0.006,-0.38,151.38,1.39,0.56,0.24,97.85,12.3,12.3,12.2,0.88,61.05,37.68,-60.17,0,0.74,0,-0.0042,-0.0042,0,0,0,0,0.32,0,0,0,0,0,0,0
226,0,0,490.63,16,1574.83,67210.84,0,69445.02,19214.05,16210.37,12288.74,9315.63,12416.24,0.02,0.017,0.013,0.01,0.006,-0.35,152.73,1.39,0.56,0.24,97.83,12.75,12.75,11.92,0.88,60.41,38.3,-59.53,0,0.77,0,-0.00431,-0.00431,0,0,0,0,0.31,0,0,0,0,0,0,0
227,0,0,490.26,16,1574.57,67209.75,0,69444.7,19213.34,16210.23,12288.86,9315.75,12416.52,0.02,0.017,0.013,0.01,0.006,-0.33,154.11,1.39,0.56,0.25,96.95,12.78,12.78,11.63,0.88,59.76,38.07,-58.88,0,0.79,0,-0.00429,-0.00429,0,0,0,0,0.31,0,0,0,0,0,0,0
228,0,0,489.89,15.99,1574.3,67208.7,0,69444.4,19212.63,16210.09,12288.98,9315.88,12416.81,0.02,0.017,0.013,0.01,0.006,-0.3,155.52,1.39,0.56,0.25,96.29,12.88,12.88,11.37,0.88,59.16,38.01,-58.28,0,0.82,0,-0.0043,-0.0043,0,0,0,0,0.31,0,0,0,0,0,0,0
229,0,0,489.52,15.99,1574.03,67207.64,0,69444.12,19211.94,16209.94,12289.11,9316.02,12417.11,0.02,0.017,0.013,0.01,0.006,-0.27,156.95,1.39,0.56,0.25,95.26,12.78,12.78,11.11,0.88,58.58,37.55,-57.71,0,0.85,0,-0.00424,-0.00424,0,0,0,0,0.31,0,0,0,0,0,0,0
230,0,0,489.15,15.99,1573.77,67206.58,0,69443.88,19211.25,16209.8,12289.24,9316.16,12417.43,0.02,0.017,0.013,0.01,0.006,-0.25,158.4,1.39,0.56,0.26,94.08,12.59,12.59,10.86,0.87,58.04,36.91,-57.16,0,0.88,0,-0.00417,-0.00417,0,0,0,0,0.31,0,0,0,0,0,0,0
231,0,0,488.79,15.98,1573.5,67205.51,0,69443.66,19210.57,16209.66,12289.37,9316.31,12417.75,0.02,0.017,0.013,0.01,0.006,-0.22,159.87,1.39,0.56,0.26,93.17,12.5,12.5,10.63,0.87,57.54,36.5,-56.67,0,0.91,0,-0.00412,-0.00412,0,0,0,0,0.31,0,0,0,0,0,0,0
232,0,0,488.42,15.98,1573.23,67204.45,0,69443.46,19209.89,16209.51,12289.51,9316.46,12418.08,0.02,0.017,0.013,0.01,0.006,-0.2,161.37,1.39,0.56,0.26,92.41,12.46,12.46,10.4,0.87,57.09,36.2,-56.22,0,0.93,0,-0.00409,-0.00409,0,0,0,0,0.3,0,0,0,0,0,0,0
233,0,0,488.06,15.98,1572.97,67203.38,0,69441.52,19209.29,16208.86,12289.13,9316.24,12418,0.02,0.017,0.013,0.01,0.006,-1.94,161.13,1.39,2.38,0.22,91.38,12.27,12.27,10.19,2.69,56.65,37.43,-53.95,0,0.96,0,-0.00446,-0.00446,0,0,0,0,0.44,0.77,0.6,0.38,0.23,0,0,0
234,0,0,487.72,16.05,1572.61,67202.32,0,69440.1,19209.01,16208.42,12288.76,9316.03,12417.89,0.02,0.017,0.013,0.01,0.006,-1.42,161.4,1.38,2.1,0,82.09,11.95,11.95,8.85,2.4,49.34,35.15,-46.94,0,0.99,0,-0.00455,-0.00455,0,0,0,0,0.44,0.75,0.6,0.38,0.23,0,0,0
235,0,0,487.39,16.13,1572.26,67201.25,0,69438.75,19208.73,16208.01,12288.4,9315.82,12417.79,0.02,0.017,0.013,0.01,0.006,-1.36,161.71,1.38,2.06,0,63.15,12.01,12.01,6.09,2.37,33.02,32.49,-30.65,0,1.01,0,-0.00472,-0.00472,0,0,0,0,0.44,0.73,0.59,0.37,0.23,0,0,0
236,0,0,487.06,16.2,1571.91,67200.19,0,69437.43,19208.45,16207.61,12288.04,9315.62,12417.7,0.02,0.017,0.013,0.01,0.006,-1.31,162.08,1.38,2.04,0,62.52,12.49,12.49,5.8,2.34,31.74,33.13,-29.39,0,1.03,0,-0.00501,-0.00501,0,0,0,0,0.45,0.72,0.58,0.37,0.23,0,0,0
237,0,0,486.73,16.28,1571.55,67199.12,0,69436.17,19208.18,16207.22,12287.71,9315.44,12417.63,0.02,0.017,0.013,0.01,0.006,-1.27,162.48,1.37,2.02,0,60.81,12.4,12.4,5.53,2.32,30.49,32.65,-28.16,0,1.05,0,-0.00511,-0.00511,0,0,0,0,0.45,0.71,0.57,0.36,0.23,0,0,0
238,0,0,486.38,15.96,1571.61,67198.08,0,69434.9,19207.88,16206.82,12287.37,9315.26,12417.57,0.02,0.017,0.013,0.01,0.006,-1.27,162.88,1.37,2.03,0,59.28,12.33,12.33,5.27,2.33,29.33,32.28,-27,0,1.07,0,-0.00479,-0.00479,0,0,0,0,0.46,0.72,0.56,0.36,0.22,0,0,0
239,0,0,486.03,15.96,1571.34,67197.01,0,69434.91,19207.23,16206.75,12287.54,9315.45,12417.96,0.02,0.017,0.013,0.01,0.006,0.01,164.57,1.39,0.57,0.21,56.69,11.26,11.26,5.16,0.87,29.01,28.54,-28.14,0,1.09,0,-0.00384,-0.00384,0,0,0,0,0.29,0,0,0,0,0,0,0
240,0,0,485.67,15.96,1571.07,67195.96,0,69432.87,19206.47,16206.1,12287.19,9315.24,12417.88,0.02,0.017,0.013,0.01,0.006,-2.05,164.21,1.39,2.59,0.28,78.23,10.39,10.39,8.11,2.89,49.35,31.77,-46.46,0,1.11,0,-0.00391,-0.00391,0,0,0,0,0.46,0.73,0.59,0.4,0.26,0,0,0
241,0,0,485.32,15.95,1570.81,67194.89,0,69432.88,19205.82,16206.02,12287.35,9315.42,12418.27,0.02,0.017,0.013,0.01,0.006,0.01,165.91,1.39,0.57,0.26,76.35,10.78,10.78,7.68,0.86,47.11,30.1,-46.25,0,1.14,0,-0.00367,-0.00367,0,0,0,0,0.29,0,0,0,0,0,0,0
242,0,0,484.98,15.95,1570.55,67193.83,0,69432.9,19205.18,16205.94,12287.52,9315.6,12418.67,0.02,0.017,0.013,0.01,0.006,0.02,167.61,1.39,0.57,0.28,79.15,10.82,10.82,7.93,0.86,49.59,30.43,-48.72,0,1.16,0,-0.00369,-0.00369,0,0,0,0,0.29,0,0,0,0,0,0,0
243,0,0,484.63,15.95,1570.28,67192.76,0,69432.95,19204.53,16205.85,12287.7,9315.79,12419.08,0.02,0.017,0.013,0.01,0.006,0.05,169.33,1.39,0.57,0.29,81.17,11.73,11.73,7.84,0.86,49.86,32.17,-49,0,1.19,0,-0.00396,-0.00396,0,0,0,0,0.29,0,0,0,0,0,0,0
244,0,0,484.29,15.94,1570.02,67191.69,0,69433.02,19203.89,16205.77,12287.87,9315.98,12419.5,0.02,0.017,0.013,0.01,0.006,0.07,171.08,1.39,0.57,0.29,80.97,11.64,11.64,7.74,0.86,49.95,31.87,-49.09,0,1.22,0,-0.00396,-0.00396,0,0,0,0,0.29,0,0,0,0,0,0,0
245,0,0,483.96,15.94,1569.75,67190.63,0,69433.12,19203.26,16205.69,12288.06,9316.18,12419.93,0.02,0.017,0.013,0.01,0.006,0.1,172.85,1.39,0.57,0.3,80.55,11.44,11.44,7.63,0.86,50.03,31.37,-49.18,0,1.25,0,-0.00392,-0.00392,0,0,0,0,0.28,0,0,0,0,0,0,0
246,0,0,483.62,15.94,1569.49,67189.56,0,69433.25,19202.63,16205.61,12288.24,9316.39,12420.37,0.02,0.017,0.013,0.01,0.006,0.12,174.64,1.39,0.57,0.3,78.39,10.45,10.45,7.51,0.85,49.98,29.27,-49.12,0,1.28,0,-0.00364,-0.00364,0,0,0,0,0.28,0,0,0,0,0,0,0
247,0,0,483.28,15.94,1569.22,67188.49,0,69433.4,19202.01,16205.53,12288.43,9316.6,12420.83,0.02,0.017,0.013,0.01,0.006,0.15,176.46,1.39,0.57,0.31,78.34,10.41,10.41,7.42,0.85,50.1,29.1,-49.24,0,1.31,0,-0.00363,-0.00363,0,0,0,0,0.28,0,0,0,0,0,0,0
248,0,0,482.95,15.93,1568.96,67187.43,0,69433.58,19201.39,16205.45,12288.63,9316.82,12421.29,0.02,0.017,0.013,0.01,0.006,0.18,178.31,1.39,0.57,0.31,79.51,10.95,10.95,7.32,0.85,50.28,30.08,-49.43,0,1.34,0,-0.0038,-0.0038,0,0,0,0,0.28,0,0,0,0,0,0,0
249,0,0,482.61,15.93,1568.69,67186.36,0,69431.92,19200.92,16204.92,12288.25,9316.6,12421.22,0.02,0.017,0.013,0.01,0.006,-1.66,178.32,1.39,2.55,0.19,78.26,10.4,10.4,7.21,2.84,50.24,30.85,-47.41,0,1.37,0,-0.00411,-0.00411,0,0,0,0,0.47,0.79,0.68,0.46,0.3,0,0,0
250,0,0,482.3,16,1568.35,67185.3,0,69430.63,19200.69,16204.54,12287.89,9316.39,12421.12,0.02,0.017,0.013,0.01,0.006,-1.29,178.68,1.37,2.4,0,65.14,10.29,10.29,5.7,2.68,38.86,28.96,-36.18,0,1.39,0,-0.00424,-0.00424,0,0,0,0,0.47,0.77,0.67,0.46,0.3,0,0,0
251,0,0,482,16.07,1568,67184.23,0,69429.39,19200.45,16204.18,12287.53,9316.19,12421.05,0.02,0.017,0.013,0.01,0.006,-1.24,179.09,1.37,2.37,0,53.06,10.65,10.65,4.25,2.65,27.52,28.19,-24.87,0,1.41,0,-0.00453,-0.00453,0,0,0,0,0.47,0.76,0.66,0.45,0.3,0,0,0
252,0,0,481.69,16.14,1567.65,67183.17,0,69428.19,19200.2,16203.82,12287.19,9316,12420.98,0.02,0.017,0.013,0.01,0.006,-1.2,179.53,1.37,2.35,0,38.39,10.37,10.24,0.94,2.63,16.83,24.18,-14.2,0,1.42,0,-0.0045,-0.0045,0,0,0,0,0.48,0.76,0.65,0.44,0.29,0,0,0
253,0,0,481.39,16.21,1567.31,67182.13,0,69427.02,19199.96,16203.46,12286.85,9315.82,12420.93,0.02,0.017,0.013,0.01,0.006,-1.16,179.99,1.36,2.33,0,37.46,10.25,9.99,0.94,2.6,16.28,23.79,-13.68,0,1.43,0,-0.00451,-0.00451,0,0,0,0,0.48,0.75,0.64,0.43,0.29,0,0,0
254,0,0,481.09,16.28,1566.98,67181.08,0,69425.92,19199.72,16203.12,12286.52,9315.66,12420.89,0.02,0.017,0.013,0.01,0.006,-1.11,180.48,1.33,2.27,0,34.75,9.24,8.91,0.94,2.55,15.66,21.64,-13.12,0,1.44,0,-0.00417,-0.00417,0,0,0,0,0.48,0.73,0.63,0.42,0.28,0,0,0
255,0,0,480.76,15.91,1567.08,67180.02,0,69424.28,19199.11,16202.63,12286.2,9315.49,12420.86,0.02,0.017,0.013,0.01,0.006,-1.63,180.51,1.39,2.63,0.18,32.91,8.69,8.28,0.94,2.91,15,20.81,-12.1,0,1.45,0,-0.00364,-0.00364,0,0,0,0,0.49,0.74,0.64,0.46,0.31,0,0,0
256,0,0,480.44,15.91,1566.82,67178.95,0,69422.83,19198.64,16202.19,12285.89,9315.31,12420.8,0.02,0.017,0.013,0.01,0.006,-1.45,180.71,1.38,2.49,0.15,43,9.03,8.46,0.94,2.76,24.57,21.19,-21.81,0,1.46,0,-0.0038,-0.0038,0,0,0,0,0.49,0.74,0.64,0.46,0.31,0,0,0
257,0,0,480.14,15.98,1566.47,67177.88,0,69421.69,19198.39,16201.87,12285.58,9315.13,12420.73,0.02,0.017,0.013,0.01,0.006,-1.15,181.2,1.37,2.34,0,39.39,8.74,8.06,0.94,2.61,21.65,20.36,-19.03,0,1.47,0,-0.00382,-0.00382,0,0,0,0,0.49,0.72,0.63,0.45,0.31,0,0,0
258,0,0,479.85,16.05,1566.13,67176.81,0,69420.57,19198.13,16201.54,12285.27,9314.95,12420.67,0.02,0.017,0.013,0.01,0.006,-1.11,181.73,1.37,2.32,0,32.59,8.86,8.08,0.94,2.59,14.71,20.47,-12.12,0,1.47,0,-0.00395,-0.00395,0,0,0,0,0.5,0.72,0.62,0.44,0.3,0,0,0
259,0,0,479.53,15.9,1566.01,67175.75,0,69419.35,19197.76,16201.19,12284.98,9314.79,12420.63,0.02,0.017,0.013,0.01,0.006,-1.22,182.15,1.38,2.38,0.06,30.79,8.19,7.4,0.94,2.65,14.26,19.18,-11.61,0,1.48,0,-0.00363,-0.00363,0,0,0,0,0.5,0.71,0.63,0.45,0.32,0,0,0
260,0,0,479.21,15.9,1565.75,67174.68,0,69417.7,19197.11,16200.71,12284.68,9314.62,12420.58,0.02,0.017,0.013,0.01,0.006,-1.65,182.15,1.39,2.64,0.24,35.22,8.76,7.82,0.94,2.91,17.7,20.43,-14.79,0,1.49,0,-0.00377,-0.00377,0,0,0,0,0.51,0.72,0.62,0.45,0.32,0,0,0
261,0,0,478.89,15.9,1565.49,67173.61,0,69418.05,19196.49,16200.73,12284.89,9314.85,12421.08,0.02,0.017,0.013,0.01,0.006,0.36,184.16,1.39,0.58,0.3,38.48,7.31,6.41,0.94,0.84,23.82,15.5,-22.97,0,1.5,0,-0.00292,-0.00292,0,0,0,0,0.26,0,0,0,0,0,0,0
262,0,0,478.56,15.9,1565.23,67172.55,0,69418.38,19195.87,16200.73,12285.1,9315.09,12421.59,0.02,0.017,0.013,0.01,0.006,0.33,186.14,1.39,0.58,0.34,42.65,7.52,6.48,0.94,0.84,27.71,15.79,-26.86,0,1.51,0,-0.00299,-0.00299,0,0,0,0,0.26,0,0,0,0,0,0,0
263,0,0,478.25,15.89,1564.97,67171.49,0,69417.01,19195.4,16200.34,12284.82,9314.92,12421.54,0.02,0.017,0.013,0.01,0.006,-1.38,186.4,1.38,2.44,0.19,42.82,7.51,6.35,0.94,2.7,28.03,17.49,-25.33,0,1.52,0,-0.00335,-0.00335,0,0,0,0,0.5,0.7,0.62,0.46,0.33,0,0,0
264,0,0,477.97,15.96,1564.63,67170.42,0,69415.94,19195.14,16200.04,12284.53,9314.75,12421.48,0.02,0.017,0.013,0.01,0.006,-1.07,186.96,1.37,2.34,0,36.67,8.2,6.84,0.94,2.6,20.69,18.58,-18.09,0,1.52,0,-0.00373,-0.00373,0,0,0,0,0.51,0.7,0.62,0.45,0.32,0,0,0
265,0,0,477.68,16.03,1564.29,67169.35,0,69414.89,19194.88,16199.74,12284.25,9314.59,12421.42,0.02,0.017,0.013,0.01,0.006,-1.04,187.54,1.37,2.32,0,29.38,7.74,6.4,0.94,2.58,14.3,17.66,-11.72,0,1.53,0,-0.00367,-0.00367,0,0,0,0,0.51,0.69,0.61,0.44,0.32,0,0,0
266,0,0,477.4,16.09,1563.95,67168.3,0,69413.87,19194.62,16199.44,12283.98,9314.44,12421.38,0.02,0.017,0.013,0.01,0.006,-1.03,188.12,1.35,2.31,0,29.38,7.96,6.52,0.94,2.57,13.96,17.99,-11.39,0,1.54,0,-0.00383,-0.00383,0,0,0,0,0.52,0.69,0.61,0.43,0.31,0,0,0
267,0,0,477.12,16.16,1563.62,67167.26,0,69412.86,19194.35,16199.15,12283.71,9314.3,12421.36,0.02,0.017,0.013,0.01,0.006,-1,188.71,1.33,2.3,0,28.28,7.62,6.19,0.94,2.55,13.52,17.31,-10.97,0,1.55,0,-0.00378,-0.00378,0,0,0,0,0.52,0.69,0.6,0.42,0.31,0,0,0
268,0,0,476.84,16.23,1563.29,67166.23,0,69411.89,19194.08,16198.86,12283.44,9314.17,12421.34,0.02,0.017,0.013,0.01,0.006,-0.98,189.3,1.31,2.28,0,27.42,7.41,5.97,0.94,2.54,13.1,16.86,-10.56,0,1.56,0,-0.00377,-0.00377,0,0,0,0,0.53,0.69,0.59,0.42,0.3,0,0,0
269,0,0,476.56,16.29,1562.97,67165.24,0,69410.93,19193.81,16198.57,12283.18,9314.04,12421.34,0.02,0.017,0.013,0.01,0.006,-0.95,189.88,1.29,2.26,0,26.69,7.26,5.81,0.94,2.52,12.68,16.53,-10.16,0,1.57,0,-0.00378,-0.00378,0,0,0,0,0.53,0.69,0.59,0.41,0.3,0,0,0
270,0,0,476.26,15.87,1563.15,67164.2,0,69409.92,19193.49,16198.27,12282.91,9313.9,12421.35,0.02,0.017,0.013,0.01,0.006,-1.01,190.43,1.32,2.34,0,25.9,7.07,5.61,0.94,2.59,12.28,16.21,-9.69,0,1.57,0,-0.00358,-0.00358,0,0,0,0,0.55,0.71,0.62,0.42,0.29,0,0,0
271,0,0,475.97,15.87,1562.88,67163.14,0,69408.8,19193.13,16197.96,12282.65,9313.75,12421.32,0.02,0.017,0.013,0.01,0.006,-1.12,190.94,1.38,2.44,0.01,26.78,6.98,5.5,0.94,2.69,13.37,16.11,-10.68,0,1.58,0,-0.00359,-0.00359,0,0,0,0,0.55,0.71,0.62,0.46,0.34,0,0,0
272,0,0,475.69,15.93,1562.54,67162.09,0,69407.73,19192.84,16197.66,12282.38,9313.59,12421.26,0.02,0.017,0.013,0.01,0.006,-1.08,191.49,1.37,2.41,0,27.26,6.87,5.36,0.94,2.67,14.1,15.83,-11.43,0,1.59,0,-0.00365,-0.00365,0,0,0,0,0.56,0.7,0.61,0.45,0.34,0,0,0
273,0,0,475.42,16,1562.2,67161.02,0,69406.69,19192.54,16197.38,12282.12,9313.44,12421.21,0.02,0.017,0.013,0.01,0.006,-1.04,192.06,1.37,2.39,0,24.49,6.48,5.02,0.94,2.64,12.05,15.08,-9.41,0,1.6,0,-0.00358,-0.00358,0,0,0,0,0.56,0.69,0.6,0.45,0.33,0,0,0
274,510.81,0,474.69,19.75,6210.4,67161.52,0,75811.64,19192.21,16197.08,18643.05,9328.21,12451.09,0.02,0.017,0.019,0.01,0.006,6404.95,1434.47,62.82,115.02,0,102.14,6.47,4.76,0.94,115.27,89.96,127.44,25.3,0,1.61,0,-0.00391,-0.00391,0,0,0,6465,0.55,0.68,112.28,0.92,0.75,0,0,0
275,504.49,0,474,23.46,6203.83,67162.09,0,75760.54,19191.93,16196.81,18549.7,9342.34,12479.75,0.02,0.017,0.019,0.01,0.006,-51.1,1392.68,62.03,105.43,0,110.62,6.95,4.84,0.94,105.66,97.88,118.4,7.78,0,1.61,0,-0.00417,-0.00417,0,0,0,0,0.55,0.67,101.69,1.47,1.27,0,0,0
276,498.33,0,473.34,27.07,6197.36,67162.69,0,75716.15,19191.65,16196.55,18465.56,9355.62,12506.76,0.02,0.017,0.019,0.01,0.006,-44.39,1357.37,60.48,97.42,0,122.39,7.63,5.02,0.94,97.64,108.8,111.22,-11.16,0,1.62,0,-0.00456,-0.00456,0,0,0,0,0.54,0.66,92.54,2.05,1.82,0,0,0
277,492.17,0,472.59,65.86,6155.66,67163.16,0,75751.57,19186.33,16196.66,18461.02,9370.68,12536.88,0.02,0.017,0.019,0.01,0.006,35.42,1402.12,60.74,16.87,0.75,100.22,6.82,4.29,0.94,17.11,88.17,29.17,-71.06,0,1.63,0,-0.00321,-0.00321,0,0,0,0,0.24,0,0,0,0,0,0,0
278,486.09,0,471.85,65.8,6152.79,67163.63,0,75786.41,19182.17,16196.73,18455.35,9385.61,12566.55,0.02,0.017,0.019,0.01,0.006,34.84,1446.24,60.06,16.27,1.3,75.18,5.92,3.61,0.94,16.51,64.71,26.98,-48.19,0,1.64,0,-0.00282,-0.00282,0,0,0,0,0.24,0,0,0,0,0,0,0
279,480.08,0,471.12,65.74,6149.89,67164.11,0,75738.39,19181.88,16196.43,18374.65,9396.53,12588.9,0.02,0.017,0.019,0.01,0.006,-48.02,1407.46,59.38,99.49,0.31,73.88,5.89,3.49,0.94,99.73,63.56,110.05,36.17,0,1.64,0,-0.00308,-0.00308,0,0,0,0,0.46,0.69,89.59,4.55,4.26,0,0,0
280,474.14,0,470.38,69.25,6143.38,67164.59,0,75695.98,19181.69,16196.15,18301.44,9406.75,12609.95,0.02,0.017,0.019,0.01,0.006,-42.41,1374.22,58.7,93.59,0,86.95,6.41,3.67,0.94,93.83,75.93,104.85,17.9,0,1.65,0,-0.00336,-0.00336,0,0,0,0,0.47,0.69,82.61,5.17,4.87,0,0,0
281,468.28,0,469.65,72.73,6136.89,67165.08,0,75657.84,19181.49,16195.87,18234.44,9416.32,12629.73,0.02,0.017,0.019,0.01,0.007,-38.14,1345.21,58.03,88.7,0,86.85,6.42,3.56,0.94,88.94,75.93,99.86,13.01,0,1.66,0,-0.00345,-0.00345,0,0,0,0,0.47,0.69,76.56,5.76,5.44,0,0,0
282,462.49,0,468.94,76.17,6130.42,67165.6,0,75623.54,19181.29,16195.59,18173.08,9425.28,12648.3,0.02,0.017,0.019,0.01,0.007,-34.31,1319.93,57.33,84.28,0,89.94,6.55,3.51,0.94,84.51,78.94,95.51,5.57,0,1.66,0,-0.0036,-0.0036,0,0,0,0,0.47,0.69,71.05,6.3,5.98,0,0,0
283,456.77,0,468.26,79.56,6123.97,67166.14,0,75592.65,19181.1,16195.32,18116.85,9433.66,12665.72,0.02,0.017,0.019,0.01,0.007,-30.89,1297.95,56.62,80.28,0,86.08,6.39,3.32,0.94,80.5,75.43,91.15,5.07,0,1.67,0,-0.00362,-0.00362,0,0,0,0,0.46,0.69,66.04,6.81,6.49,0,0,0
284,451.12,0,467.62,82.91,6117.54,67166.73,0,75564.9,19180.92,16195.06,18065.39,9441.49,12682.04,0.02,0.017,0.019,0.01,0.007,-27.75,1278.99,55.92,76.56,0,83.19,6.26,3.16,0.94,76.77,72.83,87.13,3.94,0,1.68,0,-0.00365,-0.00365,0,0,0,0,0.45,0.68,61.39,7.28,6.96,0,0,0
285,445.55,0,467,86.22,6111.13,67167.35,0,75540.02,19180.76,16194.8,18018.28,9448.82,12697.36,0.02,0.017,0.019,0.01,0.007,-24.88,1262.77,55.23,73.13,0,86.15,6.34,3.11,0.94,73.33,75.76,83.71,-2.43,0,1.69,0,-0.00379,-0.00379,0,0,0,0,0.45,0.67,57.12,7.7,7.38,0,0,0
286,440.04,0,466.41,89.49,6104.75,67168.02,0,75517.69,19180.6,16194.55,17975.06,9455.71,12711.77,0.02,0.017,0.019,0.01,0.007,-22.34,1248.98,54.54,70.02,0,93.77,6.58,3.13,0.94,70.21,83.12,80.86,-12.91,0,1.69,0,-0.00402,-0.00402,0,0,0,0,0.44,0.66,53.29,8.06,7.75,0,0,0
287,434.6,0,465.86,92.71,6098.39,67168.73,0,75497.56,19180.46,16194.31,17935.31,9462.16,12725.32,0.02,0.017,0.018,0.01,0.007,-20.13,1237.26,53.85,67.26,0,83.77,6.15,2.85,0.94,67.44,73.83,77.38,-6.39,0,1.7,0,-0.00393,-0.00393,0,0,0,0,0.42,0.65,49.87,8.39,8.08,0,0,0
288,429.22,0,465.34,95.89,6092.05,67169.5,0,75479.55,19180.32,16194.08,17898.8,9468.25,12738.1,0.02,0.017,0.018,0.01,0.007,-18.02,1227.54,53.17,64.6,0,89.42,6.28,2.83,0.94,64.77,79.36,74.82,-14.59,0,1.71,0,-0.00412,-0.00412,0,0,0,0,0.42,0.64,46.66,8.67,8.37,0,0,0
289,423.92,0,464.65,65.13,6119.61,67170.02,0,75457.59,19179.74,16193.8,17861.46,9473.01,12749.58,0.02,0.017,0.018,0.01,0.007,-21.95,1214.29,52.97,67.92,0.01,69.63,5.48,2.41,0.94,68.15,60.8,76.98,7.34,0,1.71,0,-0.00302,-0.00302,0,0,0,0,0.5,0.71,47.33,10.12,8.62,0,0,0
290,418.67,0,463.93,65.08,6116.42,67170.56,0,75437.64,19179.13,16193.53,17828.25,9477.58,12759.16,0.02,0.017,0.018,0.01,0.007,-19.95,1202.98,52.36,64.98,0.41,58.38,4.96,2.15,0.94,65.2,50.33,73.25,14.88,0,1.72,0,-0.00283,-0.00283,0,0,0,0,0.49,0.68,42.72,10.29,10.15,0,0,0
291,413.5,0,463.23,68.27,6109.97,67171.09,0,75420.21,19178.93,16193.27,17798.38,9481.77,12767.88,0.02,0.017,0.018,0.01,0.007,-17.43,1194.13,51.76,62.33,0,63.39,5.05,2.15,0.94,62.55,55.24,70.7,7.3,0,1.73,0,-0.00298,-0.00298,0,0,0,0,0.49,0.68,40.48,10.51,10.37,0,0,0
292,408.39,0,462.55,71.43,6103.54,67171.66,0,75403.87,19178.72,16193.01,17770.51,9485.65,12775.98,0.02,0.017,0.018,0.01,0.007,-16.34,1186.29,51.14,60.72,0,63.2,4.94,2.07,0.94,60.94,55.24,68.89,5.69,0,1.73,0,-0.00305,-0.00305,0,0,0,0,0.49,0.68,38.49,10.71,10.56,0,0,0
293,403.34,0,461.89,74.55,6097.13,67172.28,0,75388.5,19178.53,16192.75,17744.48,9489.24,12783.51,0.02,0.017,0.018,0.01,0.007,-15.37,1179.33,50.53,59.23,0,64.48,4.88,2,0.94,59.44,56.66,67.26,2.78,0,1.74,0,-0.00313,-0.00313,0,0,0,0,0.49,0.68,36.65,10.88,10.73,0,0,0
294,398.35,0,461.25,77.64,6090.73,67172.86,0,75374.03,19178.33,16192.5,17720.13,9492.56,12790.52,0.02,0.017,0.018,0.01,0.007,-14.47,1173.2,49.95,57.82,0,72.71,5.04,2.03,0.94,58.02,64.71,66.03,-6.68,0,1.74,0,-0.00335,-0.00335,0,0,0,0,0.49,0.68,34.96,11.02,10.87,0,0,0
295,393.42,0,460.54,64.78,6100.24,67173.41,0,75356.74,19177.65,16192.21,17695.36,9495.25,12796.26,0.02,0.017,0.018,0.01,0.007,-17.29,1164.35,49.52,59.72,0.4,61.99,4.55,1.8,0.94,59.94,54.7,67.23,5.24,0,1.75,0,-0.0029,-0.0029,0,0,0,0,0.51,0.71,34.52,11.71,11.54,0,0,0
296,388.56,0,459.86,67.84,6093.82,67173.98,0,75342.29,19177.45,16191.95,17673.67,9497.74,12801.48,0.02,0.017,0.018,0.01,0.007,-14.44,1158.23,48.89,56.77,0,54.37,4.17,1.62,0.94,56.98,47.64,63.71,9.34,0,1.76,0,-0.00283,-0.00283,0,0,0,0,0.5,0.69,32.41,11.74,11.63,0,0,0
297,383.76,0,459.25,70.86,6087.43,67174.75,0,75332.35,19177.28,16191.74,17655.18,9500.67,12807.47,0.02,0.017,0.018,0.01,0.007,-9.94,1156.31,48.11,51.79,0,40.06,3.53,1.36,0.94,51.98,34.22,57.82,17.76,0,1.76,0,-0.00259,-0.00259,0,0,0,0,0.46,0.63,28.86,11.03,11,0,0,0
298,379.01,0,458.65,73.83,6081.07,67175.52,0,75322.57,19177.12,16191.53,17637.6,9503.36,12812.96,0.02,0.017,0.018,0.01,0.007,-9.79,1154.47,47.55,51.15,0,41.03,3.46,1.32,0.94,51.33,35.3,57.06,16.03,0,1.77,0,-0.00267,-0.00267,0,0,0,0,0.45,0.62,27.93,11.17,11.14,0,0,0
299,374.33,0,458.06,76.78,6074.71,67176.3,0,75312.92,19176.95,16191.32,17620.83,9505.82,12818,0.02,0.017,0.018,0.01,0.007,-9.65,1152.75,47.02,50.52,0,52.77,3.74,1.41,0.94,50.7,46.69,56.79,4.01,0,1.77,0,-0.00296,-0.00296,0,0,0,0,0.47,0.63,27.09,11.27,11.24,0,0,0
300,369.7,0,457.47,79.7,6068.37,67177.04,0,75303.3,19176.77,16191.1,17604.71,9508.06,12822.66,0.02,0.017,0.018,0.01,0.007,-9.62,1151.01,46.51,50.02,0,61.38,3.84,1.42,0.94,50.2,55.17,56.41,-4.96,0,1.78,0,-0.0032,-0.0032,0,0,0,0,0.48,0.63,26.42,11.35,11.31,0,0,0
301,365.13,0,456.91,82.58,6062.04,67177.8,0,75293.6,19176.59,16190.88,17589.13,9510.07,12826.92,0.02,0.017,0.018,0.01,0.007,-9.7,1149.14,45.97,49.63,0,60.23,3.65,1.33,0.94,49.81,54.31,55.73,-4.5,0,1.78,0,-0.00325,-0.00325,0,0,0,0,0.47,0.64,25.87,11.45,11.37,0,0,0
302,360.61,77.38,1315.14,65.42,6076.8,67178.45,0,76219.53,19769.23,16503.86,17604.9,9511.49,12830.06,0.02,0.017,0.018,0.01,0.007,925.94,1145.74,46.4,49.8,0,0,0,0,0,52.84,0,52.84,52.84,0,0,0,-0.00317,-0.00317,0,0,940.93,0,3.24,0.82,25.56,11.64,11.53,0,0,0
303,356.15,76.41,1311.11,69.29,6070.43,67179.13,0,76204.34,19766.18,16503.18,17589.72,9512.61,12832.65,0.02,0.017,0.018,0.01,0.007,-15.2,1141.82,45.81,49.73,0,0,0,0,0,52.58,0,52.58,52.58,0,0,0,-0.00324,-0.00324,0,0,0,0,3.05,0.8,25.2,11.82,11.7,0,0,0
304,351.75,75.51,1307.29,73.07,6064.09,67179.81,0,76188.94,19763.27,16502.52,17574.96,9513.46,12834.73,0.02,0.017,0.018,0.01,0.007,-15.4,1137.42,45.24,49.64,0,0,0,0,0,52.32,0,52.32,52.32,0,0,0,-0.00333,-0.00333,0,0,0,0,2.9,0.78,24.78,11.99,11.85,0,0,0
305,347.4,74.66,1303.66,76.77,6057.77,67180.51,0,76173.37,19760.5,16501.88,17560.63,9514.05,12836.31,0.02,0.017,0.018,0.01,0.007,-15.57,1132.61,44.68,49.49,0,0,0,0,0,52.03,0,52.03,52.03,0,0,0,-0.00341,-0.00341,0,0,0,0,2.77,0.77,24.35,12.14,11.99,0,0,0
306,343.11,73.86,1300.19,80.39,6051.45,67181.22,0,76157.68,19757.85,16501.24,17546.72,9514.43,12837.44,0.02,0.017,0.018,0.01,0.007,-15.69,1127.46,44.14,49.29,0,0,0,0,0,51.7,0,51.7,51.7,0,0,0,-0.00348,-0.00348,0,0,0,0,2.65,0.75,23.9,12.27,12.12,0,0,0
307,338.86,73.1,1296.93,83.93,6045.16,67181.98,0,76142,19755.35,16500.63,17533.28,9514.6,12838.14,0.02,0.017,0.018,0.01,0.007,-15.68,1122.05,43.58,48.99,0,0,0,0,0,51.25,0,51.25,51.25,0,0,0,-0.00339,-0.00339,0,0,0,0,2.5,0.73,23.42,12.37,12.22,0,0,0
308,334.67,72.45,1294.07,87.32,6038.89,67182.86,0,76129.13,19753.17,16500.07,17521.48,9515.15,12839.26,0.02,0.017,0.018,0.01,0.007,-12.87,1118.86,42.85,46.04,0,0,0,0,0,47.99,0,47.99,47.99,0,0,0,-0.00289,-0.00289,0,0,0,0,2.18,0.66,21.45,11.85,11.85,0,0,0
309,330.54,71.83,1291.29,90.66,6032.64,67183.75,0,76116.23,19751.05,16499.53,17510.03,9515.55,12840.07,0.02,0.017,0.018,0.01,0.007,-12.9,1115.52,42.35,45.7,0,0,0,0,0,47.59,0,47.59,47.59,0,0,0,-0.00298,-0.00298,0,0,0,0,2.12,0.65,21.05,11.88,11.88,0,0,0
310,326.45,71.19,1288.45,93.99,6026.4,67184.63,0,76103.01,19748.85,16498.99,17498.8,9515.79,12840.59,0.02,0.017,0.018,0.01,0.007,-13.22,1111.91,41.93,45.53,0,0,0,0,0,47.48,0,47.48,47.48,0,0,0,-0.00345,-0.00345,0,0,0,0,2.2,0.65,20.8,11.92,11.91,0,0,0
311,322.41,70.57,1285.66,97.28,6020.17,67185.47,0,76089.48,19746.68,16498.44,17487.68,9515.85,12840.83,0.02,0.017,0.018,0.01,0.007,-13.53,1107.91,41.47,45.46,0,0,0,0,0,47.37,0,47.37,47.37,0,0,0,-0.00355,-0.00355,0,0,0,0,2.17,0.65,20.66,11.96,11.93,0,0,0
312,318.43,69.98,1282.96,100.53,6013.95,67186.33,0,76075.66,19744.58,16497.9,17476.68,9515.72,12840.77,0.02,0.017,0.018,0.01,0.007,-13.82,1103.49,40.99,45.41,0,0,0,0,0,47.25,0,47.25,47.25,0,0,0,-0.00353,-0.00353,0,0,0,0,2.1,0.64,20.51,12.02,11.96,0,0,0
313,314.49,69.43,1280.45,103.69,6007.74,67187.2,0,76061.91,19742.63,16497.38,17466.03,9515.46,12840.41,0.02,0.017,0.018,0.01,0.007,-13.75,1098.9,40.46,45.06,0,0,0,0,0,46.76,0,46.76,46.76,0,0,0,-0.00326,-0.00326,0,0,0,0,1.95,0.62,20.12,12.06,12,0,0,0
314,310.6,68.91,1278.06,106.8,6001.55,67188.14,0,76048.79,19740.79,16496.88,17455.93,9515.23,12839.97,0.02,0.017,0.018,0.01,0.007,-13.12,1094.73,39.95,44.11,0,0,0,0,0,45.72,0,45.72,45.72,0,0,0,-0.00314,-0.00314,0,0,0,0,1.85,0.59,19.43,11.92,11.91,0,0,0
315,306.76,68.41,1275.75,109.86,5995.38,67189.07,0,76035.67,19739,16496.38,17446.06,9514.89,12839.33,0.02,0.017,0.018,0.01,0.007,-13.12,1090.44,39.48,43.77,0,0,0,0,0,45.31,0,45.31,45.31,0,0,0,-0.0031,-0.0031,0,0,0,0,1.79,0.58,19.14,11.9,11.89,0,0,0
316,302.97,67.92,1273.47,112.88,5989.21,67190.02,0,76022.5,19737.23,16495.9,17436.4,9514.47,12838.51,0.02,0.017,0.018,0.01,0.007,-13.17,1086.02,39.04,43.45,0,0,0,0,0,44.97,0,44.97,44.97,0,0,0,-0.0032,-0.0032,0,0,0,0,1.77,0.58,18.87,11.88,11.87,0,0,0
317,299.22,67.45,1271.24,115.87,5983.06,67190.95,0,76009.25,19735.49,16495.42,17426.89,9513.94,12837.5,0.02,0.017,0.018,0.01,0.007,-13.25,1081.45,38.6,43.17,0,0,0,0,0,44.66,0,44.66,44.66,0,0,0,-0.00323,-0.00323,0,0,0,0,1.74,0.57,18.64,11.86,11.84,0,0,0
318,295.52,66.98,1269.03,118.83,5976.91,67191.89,0,75995.92,19733.76,16494.95,17417.56,9513.33,12836.33,0.02,0.017,0.018,0.01,0.007,-13.33,1076.76,38.18,42.87,0,0,0,0,0,44.35,0,44.35,44.35,0,0,0,-0.00337,-0.00337,0,0,0,0,1.73,0.57,18.41,11.82,11.8,0,0,0
319,291.87,66.52,1266.83,121.76,5970.78,67192.81,0,75982.46,19732.03,16494.47,17408.34,9512.63,12835,0.02,0.017,0.018,0.01,0.007,-13.47,1071.89,37.76,42.63,0,0,0,0,0,44.1,0,44.1,44.1,0,0,0,-0.00351,-0.00351,0,0,0,0,1.73,0.56,18.24,11.79,11.76,0,0,0
320,288.26,66.06,1264.63,124.67,5964.65,67193.73,0,75968.8,19730.29,16493.99,17399.19,9511.82,12833.5,0.02,0.017,0.018,0.01,0.007,-13.66,1066.79,37.36,42.46,0,0,0,0,0,43.92,0,43.92,43.92,0,0,0,-0.00367,-0.00367,0,0,0,0,1.73,0.56,18.11,11.77,11.73,0,0,0
321,284.7,65.6,1262.42,127.56,5958.53,67194.63,0,75954.85,19728.54,16493.52,17390.07,9510.9,12831.83,0.02,0.017,0.018,0.01,0.007,-13.95,1061.41,36.98,42.36,0,0,0,0,0,43.83,0,43.83,43.83,0,0,0,-0.00391,-0.00391,0,0,0,0,1.76,0.57,18.04,11.76,11.7,0,0,0
322,281.18,65.13,1260.15,130.44,5952.41,67195.48,0,75940.44,19726.71,16493.03,17380.9,9509.84,12829.97,0.02,0.017,0.018,0.01,0.007,-14.41,1055.65,36.63,42.4,0,0,0,0,0,43.91,0,43.91,43.91,0,0,0,-0.00442,-0.00442,0,0,0,0,1.83,0.58,18.05,11.77,11.68,0,0,0
323,277.7,64.25,1256.05,64.29,6015.73,67196.01,0,75913.49,19720.08,16492.36,17365.79,9508.18,12827.07,0.02,0.017,0.018,0.01,0.007,-26.96,1039.46,37.11,51.85,1.45,0,0,0,0,54.66,0,54.66,54.66,0,0,0,-0.00355,-0.00355,0,0,0,0,3.11,0.79,18.37,12.37,12.22,0,0,0
324,274.27,63.39,1251.97,64.24,6012.92,67196.5,0,75895.04,19716.91,16491.69,17356.2,9506.34,12823.9,0.02,0.017,0.018,0.01,0.007,-18.45,1031.75,36.74,44.2,0.25,0,0,0,0,46.99,0,46.99,46.99,0,0,0,-0.00368,-0.00368,0,0,0,0,3.1,0.79,18.41,12.4,12.21,0,0,0
325,270.88,62.61,1248.26,64.08,6010.12,67197.17,0,75878.79,19714.13,16491.1,17347.86,9504.82,12820.88,0.02,0.017,0.018,0.01,0.007,-16.25,1025.66,36.07,42.12,0.04,0,0,0,0,44.64,0,44.64,44.64,0,0,0,-0.00262,-0.00262,0,0,0,0,2.77,0.7,17.08,12.05,12.03,0,0,0
326,267.53,61.89,1244.78,67.31,6003.87,67197.91,0,75863.36,19711.51,16490.52,17339.83,9503.42,12818.08,0.02,0.017,0.018,0.01,0.007,-15.43,1020.08,35.58,41.16,0,0,0,0,0,43.51,0,43.51,43.51,0,0,0,-0.00265,-0.00265,0,0,0,0,2.61,0.68,16.65,11.78,11.77,0,0,0
327,264.22,61.19,1241.43,63.89,6004.21,67198.68,0,75847.72,19708.89,16489.95,17331.62,9502,12815.26,0.02,0.017,0.018,0.01,0.007,-15.64,1014.1,35.14,40.83,0.29,0,0,0,0,43.07,0,43.07,43.07,0,0,0,-0.00209,-0.00209,0,0,0,0,2.48,0.68,16.38,11.67,11.66,0,0,0
328,260.95,60.53,1238.25,63.8,6001.19,67199.49,0,75832.81,19706.5,16489.4,17323.88,9500.61,12812.41,0.02,0.017,0.018,0.01,0.007,-14.91,1008.59,34.68,40.04,0.15,0,0,0,0,42.15,0,42.15,42.15,0,0,0,-0.00192,-0.00192,0,0,0,0,2.34,0.65,16.01,11.55,11.56,0,0,0
329,257.73,59.89,1235.09,63.74,5998.11,67200.32,0,75818.01,19704.03,16488.87,17316.23,9499.28,12809.59,0.02,0.017,0.018,0.01,0.007,-14.8,1003.13,34.29,39.44,0.31,0,0,0,0,41.55,0,41.55,41.55,0,0,0,-0.00198,-0.00198,0,0,0,0,2.34,0.64,15.58,11.38,11.43,0,0,0
330,254.54,59.11,1231.24,63.88,5994.97,67201.03,0,75820.14,19693.47,16488.71,17306.25,9506.9,12824.81,0.02,0.017,0.018,0.01,0.007,2.13,1015.37,34.24,19.2,2.79,0,0,0,0,21.8,0,21.8,21.8,0,0,0,-0.00204,-0.00204,0,0,0,0,2.49,0.1,0,0,0,0,0,0
331,251.39,58.39,1227.69,63.75,5992.02,67201.77,0,75786.07,19685.77,16488.06,17287.13,9504.79,12820.33,0.02,0.017,0.018,0.01,0.007,-34.07,991.06,33.77,54.72,3.37,0,0,0,0,57.08,0,57.08,57.08,0,0,0,-0.00217,-0.00217,0,0,0,0,2.49,0.69,14.72,12.04,12.15,0,0,0
332,248.28,57.78,1224.59,63.58,5989,67202.6,0,75771.58,19683.55,16487.51,17280.83,9503.03,12816.66,0.02,0.017,0.018,0.01,0.007,-14.49,985.74,33.19,38.05,0.45,0,0,0,0,40.1,0,40.1,40.1,0,0,0,-0.00192,-0.00192,0,0,0,0,2.17,0.65,14.21,11.48,11.55,0,0,0
333,245.21,57.2,1221.7,66.51,5982.81,67203.49,0,75757.99,19681.53,16486.98,17274.91,9501.39,12813.19,0.02,0.017,0.018,0.01,0.007,-13.58,981.06,32.74,37.42,0,0,0,0,0,39.32,0,39.32,39.32,0,0,0,-0.00191,-0.00191,0,0,0,0,2.02,0.62,13.99,11.31,11.38,0,0,0
334,242.18,56.67,1218.96,69.39,5976.64,67204.4,0,75744.83,19679.61,16486.48,17269.09,9499.82,12809.82,0.02,0.017,0.018,0.01,0.007,-13.17,976.6,32.33,36.79,0,0,0,0,0,38.59,0,38.59,38.59,0,0,0,-0.00194,-0.00194,0,0,0,0,1.92,0.59,13.75,11.11,11.2,0,0,0
335,239.19,56.18,1216.45,72.18,5970.49,67205.34,0,75732.17,19677.87,16486,17263.38,9498.34,12806.58,0.02,0.017,0.018,0.01,0.007,-12.66,972.34,31.88,36.14,0,0,0,0,0,37.76,0,37.76,37.76,0,0,0,-0.00176,-0.00176,0,0,0,0,1.74,0.57,13.52,10.91,11.02,0,0,0
336,236.23,55.68,1213.84,74.98,5964.34,67206.27,0,75719.69,19676.03,16485.52,17257.72,9496.95,12803.48,0.02,0.017,0.018,0.01,0.007,-12.48,968.35,31.57,35.56,0,0,0,0,0,37.27,0,37.27,37.27,0,0,0,-0.00215,-0.00215,0,0,0,0,1.84,0.57,13.33,10.7,10.83,0,0,0
337,233.31,55.16,1211.04,63.22,5972.77,67207.22,0,75707.26,19674.04,16485.05,17252.08,9495.6,12800.5,0.02,0.017,0.018,0.01,0.007,-12.44,964.54,31.26,35.07,0,0,0,0,0,36.93,0,36.93,36.93,0,0,0,-0.00183,-0.00183,0,0,0,0,2,0.55,13.21,10.52,10.64,0,0,0
338,230.43,54.71,1208.63,65.93,5966.64,67208.22,0,75695.36,19672.34,16484.61,17246.5,9494.29,12797.62,0.02,0.017,0.018,0.01,0.007,-11.9,960.81,30.78,34.51,0,0,0,0,0,36.08,0,36.08,36.08,0,0,0,-0.00148,-0.00148,0,0,0,0,1.7,0.52,13.04,10.35,10.47,0,0,0
339,227.64,54.3,1206.45,68.51,5960.66,67209.22,0,75683.51,19670.82,16484.19,17241.03,9492.92,12794.54,0.02,0.017,0.018,0.01,0.007,-11.85,956.72,29.69,33.78,0,0,0,0,0,35.18,0,35.18,35.18,0,0,0,-0.00136,-0.00136,0,0,0,0,1.52,0.49,12.72,10.15,10.29,0,0,0
340,224.96,53.9,1204.26,71.03,5954.84,67210.2,0,75671.56,19669.28,16483.79,17235.66,9491.52,12791.31,0.02,0.017,0.018,0.01,0.007,-11.95,952.36,28.64,33,0,0,0,0,0,34.42,0,34.42,34.42,0,0,0,-0.00156,-0.00156,0,0,0,0,1.54,0.48,12.39,9.92,10.09,0,0,0
341,222.32,53.42,1201.57,62.89,5959.77,67211.13,0,75659.46,19667.33,16483.37,17230.29,9490.2,12788.26,0.02,0.017,0.018,0.01,0.007,-12.1,948.37,28.5,32.5,0,0,0,0,0,34.29,0,34.29,34.29,0,0,0,-0.00182,-0.00182,0,0,0,0,1.94,0.5,12.27,9.7,9.88,0,0,0
342,219.7,52.96,1199.05,65.46,5953.94,67212.08,0,75647.66,19665.53,16482.95,17224.89,9488.92,12785.38,0.02,0.017,0.018,0.01,0.007,-11.8,944.47,28.18,32.08,0,0,0,0,0,33.75,0,33.75,33.75,0,0,0,-0.00174,-0.00174,0,0,0,0,1.81,0.49,12.22,9.53,9.69,0,0,0
343,217.12,52.53,1196.65,67.98,5948.16,67213.05,0,75636,19663.8,16482.54,17219.5,9487.64,12782.53,0.02,0.017,0.018,0.01,0.007,-11.66,940.53,27.71,31.65,0,0,0,0,0,33.24,0,33.24,33.24,0,0,0,-0.00176,-0.00176,0,0,0,0,1.72,0.48,12.11,9.39,9.52,0,0,0
344,214.59,52.1,1194.24,70.48,5942.39,67213.97,0,75624.39,19662.06,16482.13,17214.1,9486.37,12779.74,0.02,0.017,0.018,0.01,0.007,-11.61,936.62,27.38,31.29,0,0,0,0,0,32.88,0,32.88,32.88,0,0,0,-0.00194,-0.00194,0,0,0,0,1.74,0.48,12.02,9.25,9.37,0,0,0
345,212.08,51.69,1191.93,72.93,5936.65,67214.93,0,75612.93,19660.4,16481.72,17208.69,9485.11,12777.02,0.02,0.017,0.018,0.01,0.007,-11.46,932.73,27.06,30.96,0,0,0,0,0,32.47,0,32.47,32.47,0,0,0,-0.00191,-0.00191,0,0,0,0,1.66,0.47,11.97,9.13,9.24,0,0,0
346,209.62,51.32,1189.84,75.3,5930.95,67215.91,0,75601.62,19658.91,16481.33,17203.29,9483.82,12774.27,0.02,0.017,0.018,0.01,0.007,-11.31,928.69,26.55,30.59,0,0,0,0,0,31.94,0,31.94,31.94,0,0,0,-0.00168,-0.00168,0,0,0,0,1.49,0.46,11.86,9.02,9.11,0,0,0
347,207.22,50.97,1187.85,77.6,5925.35,67216.88,0,75590.31,19657.5,16480.96,17197.95,9482.5,12771.41,0.02,0.017,0.018,0.01,0.007,-11.31,924.43,25.87,30.13,0,0,0,0,0,31.4,0,31.4,31.4,0,0,0,-0.00166,-0.00166,0,0,0,0,1.41,0.44,11.66,8.89,8.99,0,0,0
348,204.9,50.66,1187.18,79.7,5919.87,67217.87,0,75580.09,19657.25,16480.6,17192.68,9481.13,12768.43,0.02,0.017,0.018,0.01,0.007,-10.22,919.93,25.07,29.57,0,0,0,0,0,29.7,0,29.7,29.7,0,0,0,-0.00139,-0.00139,0,0,0,0,0.25,0.42,11.43,8.74,8.86,0,0,0
349,202.68,50.42,1186.61,81.65,5914.59,67218.85,0,75569.8,19657.05,16480.29,17187.57,9479.69,12765.21,0.02,0.017,0.018,0.01,0.007,-10.29,915.01,23.9,28.81,0,0,0,0,0,28.91,0,28.91,28.91,0,0,0,-0.00087,-0.00087,0,0,0,0,0.2,0.38,11.07,8.56,8.7,0,0,0
350,200.59,50.2,1186.08,83.49,5909.58,67219.8,0,75559.38,19656.87,16480,17182.67,9478.16,12761.68,0.02,0.017,0.018,0.01,0.007,-10.42,909.65,22.49,27.84,0,0,0,0,0,27.93,0,27.93,27.93,0,0,0,-0.00081,-0.00081,0,0,0,0,0.18,0.35,10.57,8.32,8.51,0,0,0
351,198.62,50,1185.57,85.23,5904.8,67220.7,0,75549,19656.7,16479.72,17177.99,9476.61,12757.97,0.02,0.017,0.018,0.01,0.007,-10.38,904.08,21.25,26.83,0,0,0,0,0,26.91,0,26.91,26.91,0,0,0,-0.0008,-0.0008,0,0,0,0,0.17,0.32,10.09,8.04,8.29,0,0,0
352,196.72,49.78,1185.04,86.93,5900.16,67221.59,0,75538.85,19656.51,16479.45,17173.45,9475.12,12754.32,0.02,0.017,0.018,0.01,0.007,-10.14,898.63,20.5,25.95,0,0,0,0,0,26.04,0,26.04,26.04,0,0,0,-0.00113,-0.00113,0,0,0,0,0.19,0.32,9.73,7.76,8.04,0,0,0
353,194.86,49.54,1184.49,88.64,5895.55,67222.45,0,75529.08,19656.3,16479.17,17168.97,9473.73,12750.91,0.02,0.017,0.018,0.01,0.007,-9.77,893.55,20.23,25.31,0,0,0,0,0,25.41,0,25.41,25.41,0,0,0,-0.00135,-0.00135,0,0,0,0,0.21,0.33,9.56,7.51,7.79,0,0,0
354,193.02,49.32,1183.97,90.3,5890.98,67223.32,0,75519.64,19656.11,16478.9,17164.51,9472.41,12747.72,0.02,0.017,0.018,0.01,0.007,-9.44,888.73,19.95,24.78,0,0,0,0,0,24.87,0,24.87,24.87,0,0,0,-0.00118,-0.00118,0,0,0,0,0.19,0.32,9.45,7.32,7.58,0,0,0
355,191.22,49.11,1183.47,91.93,5886.47,67224.2,0,75510.39,19655.92,16478.63,17160.11,9471.11,12744.62,0.02,0.017,0.018,0.01,0.007,-9.25,884,19.51,24.24,0,0,0,0,0,24.32,0,24.32,24.32,0,0,0,-0.00116,-0.00116,0,0,0,0,0.19,0.31,9.28,7.15,7.39,0,0,0
356,189.46,48.89,1182.96,93.55,5882.01,67225.05,0,75501.31,19655.73,16478.36,17155.77,9469.85,12741.6,0.02,0.017,0.018,0.01,0.007,-9.08,879.39,19.14,23.75,0,0,0,0,0,23.84,0,23.84,23.84,0,0,0,-0.00129,-0.00129,0,0,0,0,0.19,0.31,9.12,6.99,7.22,0,0,0
357,187.7,48.66,1181.53,95.27,5877.52,67225.9,0,75491.7,19654.72,16478.09,17151.41,9468.66,12738.82,0.02,0.017,0.018,0.01,0.007,-9.61,875.12,19.19,23.47,0,0,0,0,0,24.36,0,24.36,24.36,0,0,0,-0.00157,-0.00157,0,0,0,0,1.01,0.32,9.09,6.86,7.07,0,0,0
358,185.72,48.38,1179.83,97.23,5872.43,67226.83,0,75482.47,19653.48,16477.76,17146.51,9467.7,12737.02,0.02,0.017,0.018,0.01,0.007,-9.23,872.07,21.69,24.74,0,0,0,0,0,25.83,0,25.83,25.83,0,0,0,-0.00211,-0.00211,0,0,0,0,1.24,0.38,10.08,7.05,7.06,0,0,0
359,183.71,48.09,1178.11,99.23,5867.21,67227.75,0,75473.13,19652.23,16477.43,17141.48,9466.72,12735.27,0.02,0.017,0.018,0.01,0.007,-9.34,869.02,22.05,25.1,0,0,0,0,0,26.19,0,26.19,26.19,0,0,0,-0.00219,-0.00219,0,0,0,0,1.25,0.39,10.29,7.15,7.11,0,0,0
360,181.71,47.82,1176.42,101.21,5861.97,67228.7,0,75463.63,19651,16477.1,17136.41,9465.71,12733.42,0.02,0.017,0.018,0.01,0.007,-9.5,865.81,21.96,25.18,0,0,0,0,0,26.25,0,26.25,26.25,0,0,0,-0.00222,-0.00222,0,0,0,0,1.23,0.39,10.32,7.17,7.14,0,0,0
361,179.73,47.55,1174.75,103.19,5856.72,67229.63,0,75454.02,19649.79,16476.77,17131.33,9464.65,12731.48,0.02,0.017,0.018,0.01,0.007,-9.61,862.46,21.86,25.21,0,0,0,0,0,26.26,0,26.26,26.26,0,0,0,-0.00223,-0.00223,0,0,0,0,1.21,0.38,10.33,7.19,7.15,0,0,0
362,177.76,47.19,1172.47,61.74,5894.99,67230.55,0,75443.72,19648.06,16476.45,17126.21,9463.56,12729.44,0.02,0.017,0.018,0.01,0.007,-10.3,859.01,21.79,25.23,0,0,0,0,0,26.77,0,26.77,26.77,0,0,0,-0.00155,-0.00155,0,0,0,0,1.71,0.38,10.3,7.18,7.15,0,0,0
363,175.82,46.83,1170.13,63.88,5889.67,67231.45,0,75433.32,19646.3,16476.13,17121.12,9462.44,12727.33,0.02,0.017,0.018,0.01,0.007,-10.4,855.53,21.65,25.13,0,0,0,0,0,26.71,0,26.71,26.71,0,0,0,-0.00181,-0.00181,0,0,0,0,1.76,0.38,10.26,7.16,7.14,0,0,0
364,173.92,46.57,1169.54,65.72,5884.45,67232.44,0,75424.27,19646.06,16475.83,17116.08,9461.25,12725.06,0.02,0.017,0.018,0.01,0.007,-9.04,851.64,20.97,24.86,0,0,0,0,0,24.96,0,24.96,24.96,0,0,0,-0.00087,-0.00087,0,0,0,0,0.23,0.34,10.14,7.13,7.11,0,0,0
365,172.17,46.46,1169.17,67.3,5879.62,67233.41,0,75414.94,19645.97,16475.61,17111.32,9459.85,12722.19,0.02,0.017,0.018,0.01,0.007,-9.34,846.82,19.15,23.97,0,0,0,0,0,24.02,0,24.02,24.02,0,0,0,0,0,0,0,0,0,0.09,0.27,9.59,7.02,7.04,0,0,0
,,,,,,,,,,,,,,,,,,,,,,,,,,,,,,,,,,,,,,,,,,,,,,,,
,,,,,,,,,,,,,,,,,,,,,,,,,,,,,,,,,,,,-0.04718,,,,,,,,,,,,
