Daily N pools and fluxes at site W-2 in year 1,,,,,,,,,,,,,,,,,,,3.151352,,,,,,,,,,,,,,,,,,,,,,,,,,,,,,,,,,,
,N uptake,,N pools (kg N/ha),,,,,,,,,,,,,,,,N gas fluxes (kg N/ha/day),,,,,,,,,,,,,,,,,,,,,,,,,,,,,,,,,,,
Day,Crop,Urea,NH4+,NO3-,exchengeable-NH4,NH4+,NO3-,exchengeable-NH4,NH4+,NO3-,exchengeable-NH4,NH4+,NO3-,exchengeable-NH4,NH4+,NO3-,exchengeable-NH4,NH3,N2O-flux,NO-flux,N2-flux,NH3-flux,NO3-leach,Urea-leach,DON-leach,ION-runoff,Gross N mineralization,N assimilation,Ice_DOC,Ice_N,Ice_N2O,Ice_N2,nitrification,nitrification,nitrification,nitrification,nitrification,denitrification,denitrification,denitrification,denitrification,denitrification,N_fixation,Litter_N,SON0-10cm, SON10-20cm,SON20-30cm,SON30-40cm,SON40-50cm,SON0-10cm, SON10-20cm,SON20-30cm,SON30-40cm,SON40-50cm
,kgN/ha/day,,0-10cm,0-10cm,0-10cm,10-20cm,10-20cm,10-20cm,20-30cm,20-30cm,20-30cm,30-40cm,30-40cm,30-40cm,40-50cm,40-50cm,40-50cm,0-50cm,,,,,,,,,,,,,,,0-10cm,10-20cm,20-30cm,30-40cm,40-50cm,0-10cm,10-20cm,20-30cm,30-40cm,40-50cm,,,,,,,,,,,,
,,,,,,,,,,,,,,,,,,,,,,,,,,,,,,,,,,,,,,,,,,,,,,,,,,,,,,
1,0,0,0,0.48,0.06,0,0.49,0.07,0.03,0.34,0.03,0.05,0.24,0,0.04,0.17,0,0,0,0,0,0,0,0,0,0,0.07,0.03,0,0,0,0,0.000864,0.000044,0,0,0,0,0,0,0,0,0,0,1919.76,1609.39,1219.7,924.36,1231.45,0.002,0.0017,0.0013,0.001,0.0006
2,0,0,0,0.49,0.08,0,0.48,0.09,0.04,0.34,0.03,0.06,0.24,0,0.05,0.17,0,0,0.000005,0,0.000001,0.01,0.002,0,0,0,0.08,0.03,0,0,0,0,0.000061,0,0,0,0,0,0,0,0,0,0,0,1919.75,1609.38,1219.69,924.35,1231.44,0.002,0.0017,0.0013,0.001,0.0006
3,0,0,0,0.48,0.1,0,0.48,0.1,0.06,0.34,0.03,0.07,0.24,0,0.06,0.17,0,0,0.000002,0.000001,0.000097,0,0,0,0,0,0.08,0.03,0,0,0,0,0.000064,0.000002,0,0,0,0,0,0,0,0,0,0,1919.73,1609.37,1219.68,924.34,1231.42,0.002,0.0017,0.0013,0.001,0.0006
4,0,0,0,0.48,0.12,0,0.47,0.12,0.07,0.34,0.03,0.08,0.24,0,0.06,0.17,0,0,0.000001,0.000001,0.000177,0,0,0,0,0,0.07,0.03,0,0,0,0,0.000029,0.000002,0,0,0,0,0,0,0,0,0,0,1919.72,1609.36,1219.67,924.34,1231.41,0.002,0.0017,0.0013,0.001,0.0006
5,0,0,0.01,0.55,0.18,0.01,0.47,0.14,0.09,0.33,0.03,0.09,0.23,0,0.07,0.17,0,0,0.001396,0.000014,0.000104,0.03,0.0115,0,0,0,0.08,0.03,0,0,0,0,0.001347,0.000001,0,0,0,0,0,0,0,0,0,0,1919.7,1609.34,1219.65,924.33,1231.4,0.002,0.0017,0.0013,0.001,0.0006
6,0,0,0,0.58,0.23,0.01,0.46,0.16,0.1,0.33,0.03,0.1,0.23,0,0.08,0.16,0,0,0.000285,0.000015,0.000688,0.02,0.0079,0,0,0,0.08,0.03,0,0,0,0,0.000557,0.000001,0,0,0,0,0,0,0,0,0,0,1919.68,1609.33,1219.64,924.32,1231.39,0.002,0.0017,0.0013,0.001,0.0006
7,0,0,0.01,0.65,0.3,0.01,0.45,0.18,0.12,0.32,0.03,0.11,0.23,0,0.09,0.16,0,0,0.002249,0.000024,0.000203,0.03,0.0159,0,0,0,0.08,0.03,0,0,0,0,0.001883,0.000002,0,0,0,0,0,0,0,0,0,0,1919.67,1609.32,1219.63,924.31,1231.38,0.002,0.0017,0.0013,0.001,0.0006
8,0,0,0.01,0.75,0.39,0.01,0.44,0.2,0.13,0.31,0.03,0.12,0.22,0,0.09,0.16,0,0,0.004234,0.000033,0.000075,0.04,0.0196,0,0,0,0.07,0.02,0,0,0,0,0.002539,0.000002,0,0,0,0,0,0,0,0,0,0,1919.66,1609.3,1219.62,924.3,1231.37,0.002,0.0017,0.0013,0.001,0.0006
9,0,0,0.01,0.86,0.48,0.02,0.43,0.21,0.15,0.31,0.03,0.13,0.22,0,0.1,0.15,0,0,0.005951,0.000036,0.000056,0.04,0.0229,0,0,0,0.07,0.03,0,0,0,0,0.002952,0.000003,0,0,0,0,0,0,0,0,0,0,1919.65,1609.29,1219.61,924.29,1231.36,0.002,0.0017,0.0013,0.001,0.0006
10,0,0,0,0.86,0.5,0.02,0.42,0.22,0.16,0.3,0.03,0.14,0.22,0,0.11,0.15,0,0,0.002764,0.000031,0.000051,0,0.0019,0,0,0,0.06,0.03,0,0,0,0,0.000024,0,0,0,0,0,0,0,0,0,0,0,1919.64,1609.28,1219.61,924.29,1231.35,0.002,0.0017,0.0013,0.001,0.0006
11,0,0,0,0.85,0.51,0.02,0.42,0.23,0.17,0.3,0.03,0.15,0.21,0,0.11,0.15,0,0,0.000833,0.000025,0.000202,0,0,0,0,0,0.06,0.02,0,0,0,0,0.000037,0.000008,0,0,0,0,0,0,0,0,0,0,1919.63,1609.27,1219.6,924.28,1231.34,0.002,0.0017,0.0013,0.001,0.0006
12,0,0,0,0.85,0.52,0.03,0.41,0.24,0.18,0.3,0.03,0.16,0.21,0,0.12,0.15,0,0,0.000219,0.000019,0.000235,0,0,0,0,0,0.06,0.02,0,0,0,0,0.00002,0.00001,0,0,0,0,0,0,0,0,0,0,1919.62,1609.27,1219.59,924.27,1231.33,0.002,0.0017,0.0013,0.001,0.0006
13,0,0,0,0.85,0.53,0.03,0.41,0.25,0.19,0.3,0.03,0.17,0.21,0,0.13,0.15,0,0,0.000059,0.000015,0.000189,0,0,0,0,0,0.05,0.02,0,0,0,0,0.000013,0.000011,0,0,0,0,0,0,0,0,0,0,1919.62,1609.26,1219.58,924.27,1231.32,0.002,0.0017,0.0013,0.001,0.0006
14,0,0,0,0.84,0.53,0.03,0.41,0.26,0.2,0.3,0.03,0.18,0.21,0,0.13,0.15,0,0,0.000018,0.000012,0.000158,0,0,0,0,0,0.05,0.02,0,0,0,0,0.000012,0.000012,0,0,0,0,0,0,0,0,0,0,1919.61,1609.25,1219.57,924.26,1231.31,0.002,0.0017,0.0013,0.001,0.0006
15,0,0,0.01,0.93,0.61,0.04,0.4,0.27,0.21,0.29,0.03,0.18,0.21,0,0.14,0.15,0,0,0.002194,0.000023,0.000087,0.03,0.0181,0,0,0,0.05,0.02,0,0,0,0,0.002199,0.000006,0,0,0,0,0,0,0,0,0,0,1919.6,1609.25,1219.57,924.25,1231.3,0.002,0.0017,0.0013,0.001,0.0006
16,0,0,0,0.95,0.64,0.04,0.4,0.28,0.22,0.29,0.03,0.19,0.21,0,0.15,0.15,0,0,0.000638,0.000021,0.00056,0.01,0.0067,0,0,0,0.05,0.02,0,0,0,0,0.000318,0.000003,0,0,0,0,0,0,0,0,0,0,1919.6,1609.24,1219.56,924.25,1231.29,0.002,0.0017,0.0013,0.001,0.0006
17,0,0,0,0.95,0.65,0.04,0.39,0.29,0.23,0.29,0.03,0.2,0.2,0,0.15,0.14,0,0,0.000195,0.000016,0.000258,0,0,0,0,0,0.05,0.02,0,0,0,0,0.000092,0.000017,0,0,0,0,0,0,0,0,0,0,1919.59,1609.23,1219.55,924.24,1231.28,0.002,0.0017,0.0013,0.001,0.0006
18,0,0,0,0.94,0.66,0.04,0.39,0.3,0.24,0.28,0.03,0.21,0.2,0,0.16,0.14,0,0,0.000053,0.000013,0.000186,0,0,0,0,0,0.05,0.02,0,0,0,0,0.00002,0.000018,0,0,0,0,0,0,0,0,0,0,1919.58,1609.22,1219.55,924.24,1231.27,0.002,0.0017,0.0013,0.001,0.0006
19,0,0,0,0.94,0.66,0.05,0.39,0.31,0.25,0.28,0.03,0.21,0.2,0,0.16,0.14,0,0,0.000016,0.000011,0.000154,0,0,0,0,0,0.05,0.02,0,0,0,0,0.000014,0.000018,0,0,0,0,0,0,0,0,0,0,1919.57,1609.22,1219.54,924.23,1231.26,0.002,0.0017,0.0013,0.001,0.0006
20,0,0,0,0.94,0.67,0.05,0.38,0.31,0.26,0.28,0.03,0.22,0.2,0,0.17,0.14,0,0,0.000005,0.000009,0.000142,0,0,0,0,0,0.05,0.02,0,0,0,0,0.000014,0.000019,0,0,0,0,0,0,0,0,0,0,1919.57,1609.21,1219.54,924.23,1231.25,0.002,0.0017,0.0013,0.001,0.0006
21,0,0,0.01,1.03,0.76,0.06,0.37,0.32,0.27,0.28,0.03,0.23,0.2,0,0.17,0.14,0,0,0.002955,0.000023,0.000087,0.04,0.0196,0,0,0,0.06,0.02,0,0,0,0,0.00246,0.000009,0,0,0,0,0,0,0,0,0,0,1919.55,1609.2,1219.53,924.22,1231.25,0.002,0.0017,0.0013,0.001,0.0006
22,0,0,0,1.07,0.81,0.07,0.37,0.33,0.28,0.27,0.03,0.23,0.2,0,0.18,0.14,0,0,0.000389,0.000023,0.00167,0.02,0.0105,0,0,0,0.06,0.03,0,0,0,0,0.000808,0.000007,0,0,0,0,0,0,0,0,0,0,1919.54,1609.19,1219.52,924.21,1231.24,0.002,0.0017,0.0013,0.001,0.0006
23,0,0,0,1.07,0.83,0.07,0.37,0.34,0.29,0.27,0.03,0.24,0.19,0,0.18,0.14,0,0,0.00011,0.000019,0.000614,0,0,0,0,0,0.06,0.02,0,0,0,0,0.000167,0.000028,0,0,0,0,0,0,0,0,0,0,1919.53,1609.18,1219.51,924.21,1231.23,0.002,0.0017,0.0013,0.001,0.0006
24,0,0,0,1.07,0.85,0.08,0.36,0.35,0.3,0.27,0.03,0.25,0.19,0,0.19,0.14,0,0,0.000036,0.000015,0.000226,0.01,0.0038,0,0,0,0.06,0.02,0,0,0,0,0.000092,0.000004,0,0,0,0,0,0,0,0,0,0,1919.51,1609.17,1219.51,924.2,1231.22,0.002,0.0017,0.0013,0.001,0.0006
25,0,0,0.01,1.15,0.93,0.08,0.35,0.36,0.31,0.27,0.03,0.26,0.19,0,0.19,0.14,0,0,0.002683,0.000024,0.000073,0.04,0.0211,0,0,0,0.06,0.02,0,0,0,0,0.002322,0.000014,0,0,0,0,0,0,0,0,0,0,1919.5,1609.16,1219.5,924.2,1231.21,0.002,0.0017,0.0013,0.001,0.0006
26,0,0,0.01,1.28,1.06,0.09,0.34,0.37,0.32,0.26,0.03,0.26,0.18,0,0.2,0.13,0,0,0.008219,0.000027,0.000077,0.06,0.0339,0,0,0,0.06,0.02,0,0,0,0,0.004071,0.000016,0,0,0,0,0,0,0,0,0,0,1919.49,1609.15,1219.49,924.19,1231.21,0.002,0.0017,0.0013,0.001,0.0006
27,0,0,0,1.27,1.07,0.1,0.33,0.38,0.33,0.25,0.03,0.27,0.18,0,0.21,0.13,0,0,0.004603,0.000024,0.000061,0,0.001,0,0,0,0.06,0.02,0,0,0,0,0.000015,0.000001,0,0,0,0,0,0,0,0,0,0,1919.48,1609.14,1219.48,924.19,1231.2,0.002,0.0017,0.0013,0.001,0.0006
28,0,0,0,1.27,1.08,0.1,0.33,0.39,0.34,0.25,0.03,0.28,0.18,0,0.21,0.13,0,0,0.001538,0.000019,0.000033,0,0.0005,0,0,0,0.05,0.02,0,0,0,0,0.000001,0.000001,0,0,0,0,0,0,0,0,0,0,1919.47,1609.14,1219.48,924.18,1231.19,0.002,0.0017,0.0013,0.001,0.0006
29,0,0,0,1.27,1.09,0.11,0.33,0.4,0.35,0.25,0.03,0.29,0.18,0,0.22,0.13,0,0,0.000475,0.000015,0.000136,0,0,0,0,0,0.05,0.02,0,0,0,0,0.000027,0.000043,0,0,0,0,0,0,0,0,0,0,1919.46,1609.13,1219.47,924.17,1231.18,0.002,0.0017,0.0013,0.001,0.0006
30,0,0,0,1.26,1.1,0.11,0.33,0.4,0.36,0.25,0.03,0.29,0.18,0,0.22,0.13,0,0,0.000129,0.000012,0.000181,0,0,0,0,0,0.05,0.02,0,0,0,0,0.000023,0.000044,0,0,0,0,0,0,0,0,0,0,1919.46,1609.12,1219.46,924.17,1231.17,0.002,0.0017,0.0013,0.001,0.0006
31,0,0,0,1.26,1.11,0.11,0.32,0.41,0.37,0.25,0.03,0.3,0.18,0,0.23,0.13,0,0,0.000036,0.00001,0.000164,0,0,0,0,0,0.04,0.02,0,0,0,0,0.000019,0.000044,0,0,0,0,0,0,0,0,0,0,1919.45,1609.12,1219.46,924.16,1231.16,0.002,0.0017,0.0013,0.001,0.0006
32,0,0,0,1.26,1.12,0.12,0.32,0.41,0.37,0.25,0.03,0.31,0.18,0,0.23,0.13,0,0,0.000011,0.000008,0.000158,0,0,0,0,0,0.05,0.02,0,0,0,0,0.000021,0.000044,0,0,0,0,0,0,0,0,0,0,1919.45,1609.11,1219.45,924.16,1231.16,0.002,0.0017,0.0013,0.001,0.0006
33,0,0,0,1.26,1.13,0.12,0.32,0.42,0.38,0.25,0.03,0.31,0.18,0,0.24,0.13,0,0,0.000004,0.000007,0.000164,0,0,0,0,0,0.05,0.02,0,0,0,0,0.000025,0.000044,0,0,0,0,0,0,0,0,0,0,1919.44,1609.1,1219.45,924.15,1231.15,0.002,0.0017,0.0013,0.001,0.0006
34,0,0,0,1.25,1.14,0.13,0.32,0.43,0.39,0.25,0.03,0.32,0.18,0,0.24,0.13,0,0,0.000002,0.000006,0.000163,0,0,0,0,0,0.05,0.02,0,0,0,0,0.000028,0.000044,0,0,0,0,0,0,0,0,0,0,1919.43,1609.1,1219.44,924.15,1231.14,0.002,0.0017,0.0013,0.001,0.0006
35,0,0,0,1.25,1.14,0.13,0.31,0.43,0.4,0.25,0.03,0.33,0.18,0,0.25,0.13,0,0,0.000002,0.000005,0.000163,0,0,0,0,0,0.05,0.02,0,0,0,0,0.000024,0.000044,0,0,0,0,0,0,0,0,0,0,1919.42,1609.09,1219.43,924.14,1231.13,0.002,0.0017,0.0013,0.001,0.0006
36,0,0,0,1.25,1.15,0.13,0.31,0.44,0.41,0.24,0.03,0.33,0.18,0,0.25,0.13,0,0,0.000002,0.000004,0.000162,0,0,0,0,0,0.04,0.01,0,0,0,0,0.000026,0.000044,0,0,0,0,0,0,0,0,0,0,1919.42,1609.08,1219.43,924.14,1231.12,0.002,0.0017,0.0013,0.001,0.0006
37,0,0,0,1.24,1.16,0.14,0.31,0.44,0.42,0.24,0.03,0.34,0.18,0,0.26,0.13,0,0,0.000002,0.000004,0.000159,0,0,0,0,0,0.04,0.01,0,0,0,0,0.000024,0.000044,0,0,0,0,0,0,0,0,0,0,1919.41,1609.08,1219.42,924.13,1231.12,0.002,0.0017,0.0013,0.001,0.0006
38,0,0,0,1.24,1.17,0.14,0.31,0.45,0.43,0.24,0.03,0.35,0.18,0,0.26,0.12,0,0,0.000002,0.000003,0.00016,0,0,0,0,0,0.04,0.02,0,0,0,0,0.000024,0.000044,0,0,0,0,0,0,0,0,0,0,1919.4,1609.07,1219.42,924.13,1231.11,0.002,0.0017,0.0013,0.001,0.0006
39,0,0,0,1.24,1.18,0.14,0.31,0.45,0.43,0.24,0.03,0.35,0.17,0,0.27,0.12,0,0,0.000002,0.000003,0.000158,0,0,0,0,0,0.04,0.01,0,0,0,0,0.000025,0.000044,0,0,0,0,0,0,0,0,0,0,1919.4,1609.07,1219.41,924.12,1231.1,0.002,0.0017,0.0013,0.001,0.0006
40,0,0,0,1.24,1.18,0.15,0.3,0.46,0.44,0.24,0.03,0.36,0.17,0,0.27,0.12,0,0,0.000001,0.000003,0.000163,0,0,0,0,0,0.04,0.02,0,0,0,0,0.000023,0.000044,0,0,0,0,0,0,0,0,0,0,1919.39,1609.06,1219.4,924.12,1231.09,0.002,0.0017,0.0013,0.001,0.0006
41,0,0,0,1.23,1.2,0.15,0.3,0.47,0.45,0.24,0.03,0.37,0.17,0,0.28,0.12,0,0,0.000001,0.000003,0.000203,0,0,0,0,0,0.06,0.02,0,0,0,0,0.000025,0.000044,0,0,0,0,0,0,0,0,0,0,1919.38,1609.05,1219.4,924.11,1231.08,0.002,0.0017,0.0013,0.001,0.0006
42,0,0,0.01,1.36,1.33,0.16,0.29,0.48,0.46,0.23,0.03,0.37,0.17,0,0.28,0.12,0,0,0.008898,0.000014,0.000179,0.06,0.0329,0,0,0,0.07,0.03,0,0,0,0,0.00417,0.000027,0,0,0,0.01,0,0,0,0,0,0,1919.36,1609.04,1219.39,924.1,1231.08,0.002,0.0017,0.0013,0.001,0.0006
43,0,0,0.01,1.36,1.35,0.17,0.28,0.49,0.48,0.23,0.03,0.38,0.17,0,0.29,0.12,0,0,0.005016,0.000016,0.000736,0,0,0,0,0,0.07,0.02,0,0,0,0,0.000528,0.000068,0,0,0,0,0,0,0,0,0,0,1919.35,1609.03,1219.38,924.1,1231.07,0.002,0.0017,0.0013,0.001,0.0006
44,0,0,0.01,1.36,1.36,0.17,0.28,0.49,0.49,0.23,0.03,0.39,0.17,0,0.29,0.12,0,0,0.001343,0.000013,0.000729,0,0,0,0,0,0.07,0.02,0,0,0,0,0.000393,0.000068,0,0,0,0,0,0,0,0,0,0,1919.34,1609.02,1219.37,924.09,1231.06,0.002,0.0017,0.0013,0.001,0.0006
45,0,0,0.01,1.35,1.38,0.18,0.28,0.5,0.5,0.23,0.03,0.4,0.17,0,0.3,0.12,0,0,0.000374,0.00001,0.000315,0,0.0011,0,0,0,0.08,0.03,0,0,0,0,0.000024,0.000004,0,0,0,0,0,0,0,0,0,0,1919.32,1609.01,1219.36,924.08,1231.05,0.002,0.0017,0.0013,0.001,0.0006
46,0,0,0.02,1.49,1.53,0.2,0.26,0.51,0.51,0.22,0.03,0.41,0.16,0,0.31,0.11,0,0,0.010457,0.000012,0.000181,0.08,0.0424,0,0,0,0.06,0.02,0,0,0,0,0.004582,0.000029,0,0,0,0,0.01,0,0,0,0,0,1919.31,1609,1219.35,924.08,1231.04,0.002,0.0017,0.0013,0.001,0.0006
47,0,0,0.02,1.49,1.53,0.21,0.26,0.52,0.52,0.21,0.03,0.41,0.16,0,0.31,0.11,0,0,0.006465,0.000013,0.000912,0.01,0,0,0,0,0.05,0.02,0,0,0,0,0.000988,0.000089,0,0,0,0,0,0,0,0,0,0,1919.3,1608.99,1219.34,924.07,1231.03,0.002,0.0017,0.0013,0.001,0.0006
48,0,0,0.02,1.49,1.53,0.21,0.25,0.52,0.53,0.21,0.03,0.42,0.16,0,0.32,0.11,0,0,0.001745,0.000011,0.00086,0.01,0,0,0,0,0.05,0.02,0,0,0,0,0.000921,0.000089,0,0,0,0,0,0,0,0,0,0,1919.3,1608.98,1219.34,924.06,1231.02,0.002,0.0017,0.0013,0.001,0.0006
49,0,0,0.02,1.49,1.53,0.22,0.25,0.52,0.54,0.21,0.03,0.43,0.16,0,0.32,0.11,0,0,0.000468,0.000009,0.000502,0.01,0,0,0,0,0.05,0.02,0,0,0,0,0.000869,0.000089,0,0,0,0,0,0,0,0,0,0,1919.29,1608.98,1219.33,924.06,1231.01,0.002,0.0017,0.0013,0.001,0.0006
50,0,0,0.02,1.48,1.54,0.22,0.25,0.53,0.55,0.21,0.03,0.44,0.16,0,0.33,0.11,0,0,0.000125,0.000007,0.000321,0.01,0,0,0,0,0.05,0.02,0,0,0,0,0.000822,0.000088,0,0,0,0,0,0,0,0,0,0,1919.28,1608.97,1219.32,924.05,1231,0.002,0.0017,0.0013,0.001,0.0006
51,0,0,0.02,1.48,1.55,0.23,0.25,0.53,0.56,0.21,0.03,0.44,0.15,0,0.33,0.11,0,0,0.000033,0.000006,0.000266,0.01,0,0,0,0,0.06,0.02,0,0,0,0,0.000781,0.000087,0,0,0,0,0,0,0,0,0,0,1919.27,1608.96,1219.31,924.04,1230.99,0.002,0.0017,0.0013,0.001,0.0006
52,0,0,0.02,1.48,1.55,0.24,0.25,0.54,0.57,0.21,0.03,0.45,0.15,0,0.34,0.11,0,0,0.000009,0.000005,0.000253,0.01,0,0,0,0,0.06,0.02,0,0,0,0,0.000745,0.000087,0,0,0,0,0,0,0,0,0,0,1919.26,1608.95,1219.31,924.04,1230.98,0.002,0.0017,0.0013,0.001,0.0006
53,0,0,0.02,1.48,1.56,0.24,0.24,0.55,0.58,0.21,0.03,0.46,0.15,0,0.34,0.11,0,0,0.000003,0.000004,0.000246,0.01,0,0,0,0,0.06,0.02,0,0,0,0,0.000711,0.000086,0,0,0,0,0,0,0,0,0,0,1919.25,1608.94,1219.3,924.03,1230.97,0.002,0.0017,0.0013,0.001,0.0006
54,0,0,0.02,1.47,1.57,0.25,0.24,0.55,0.59,0.21,0.03,0.47,0.15,0,0.35,0.11,0,0,0.000002,0.000004,0.000253,0.01,0,0,0,0,0.06,0.02,0,0,0,0,0.000678,0.000086,0,0,0,0,0,0,0,0,0,0,1919.24,1608.93,1219.29,924.02,1230.97,0.002,0.0017,0.0013,0.001,0.0006
55,0,0,0.02,1.47,1.59,0.26,0.24,0.56,0.61,0.21,0.03,0.48,0.15,0,0.36,0.11,0,0,0.000002,0.000004,0.000343,0.01,0,0,0,0,0.1,0.03,0,0,0,0,0.000648,0.000086,0,0,0,0,0,0,0,0,0,0,1919.21,1608.92,1219.28,924.01,1230.95,0.002,0.0017,0.0013,0.001,0.0006
56,0,0,0.02,1.46,1.6,0.27,0.24,0.57,0.63,0.21,0.03,0.49,0.15,0,0.37,0.11,0,0,0.000002,0.000003,0.000175,0.01,0.001,0,0,0,0.09,0.03,0,0,0,0,0.000055,0.000008,0,0,0,0,0,0,0,0,0,0,1919.19,1608.9,1219.26,924,1230.94,0.002,0.0017,0.0013,0.001,0.0006
57,0,0,0.02,1.46,1.61,0.28,0.24,0.57,0.64,0.21,0.03,0.5,0.15,0,0.37,0.11,0,0,0.000001,0.000002,0.000209,0.01,0,0,0,0,0.08,0.03,0,0,0,0,0.000848,0.000122,0,0,0,0,0,0,0,0,0,0,1919.18,1608.89,1219.25,923.99,1230.92,0.002,0.0017,0.0013,0.001,0.0006
58,0,0,0.03,1.56,1.72,0.3,0.23,0.58,0.66,0.2,0.03,0.51,0.15,0,0.38,0.11,0,0,0.007155,0.000009,0.000209,0.06,0.0274,0,0,0,0.09,0.03,0,0,0,0,0.003768,0.000053,0,0,0,0,0,0,0,0,0,0,1919.16,1608.88,1219.24,923.98,1230.91,0.002,0.0017,0.0013,0.001,0.0006
59,0,0,0.04,1.66,1.82,0.31,0.21,0.59,0.68,0.19,0.03,0.53,0.14,0,0.39,0.1,0,0,0.010637,0.000015,0.000199,0.06,0.03,0,0,0,0.09,0.03,0,0,0,0,0.004004,0.000056,0,0,0,0,0,0,0,0,0,0,1919.15,1608.86,1219.23,923.97,1230.9,0.002,0.0017,0.0013,0.001,0.0006
60,0,0,0.04,1.69,1.87,0.32,0.21,0.6,0.69,0.19,0.03,0.54,0.14,0,0.4,0.1,0,0,0.00041,0.000019,0.005923,0.03,0.0115,0,0,0,0.08,0.03,0,0,0,0,0.001129,0.000035,0,0,0,0,0,0,0,0,0,0,1919.13,1608.85,1219.21,923.96,1230.88,0.002,0.0017,0.0013,0.001,0.0006
61,0,0,0.04,1.69,1.87,0.33,0.21,0.61,0.71,0.19,0.03,0.55,0.14,0,0.41,0.1,0,0,0.000113,0.000016,0.001744,0.01,0,0,0,0,0.08,0.03,0,0,0,0,0.00167,0.000146,0,0,0,0,0,0,0,0,0,0,1919.11,1608.84,1219.2,923.95,1230.87,0.002,0.0017,0.0013,0.001,0.0006
62,0,0,0.04,1.69,1.88,0.34,0.21,0.62,0.72,0.19,0.03,0.56,0.14,0,0.41,0.1,0,0,0.000035,0.000013,0.000667,0.01,0,0,0,0,0.08,0.03,0,0,0,0,0.001565,0.000143,0,0,0,0,0,0,0,0,0,0,1919.1,1608.82,1219.19,923.94,1230.86,0.002,0.0017,0.0013,0.001,0.0006
63,0,0,0.04,1.69,1.88,0.35,0.2,0.62,0.73,0.19,0.03,0.57,0.14,0,0.42,0.1,0,0,0.000011,0.000011,0.000398,0.01,0,0,0,0,0.08,0.02,0,0,0,0,0.001473,0.000141,0,0,0,0,0,0,0,0,0,0,1919.08,1608.81,1219.18,923.93,1230.84,0.002,0.0017,0.0013,0.001,0.0006
64,0,0,0.04,1.68,1.89,0.36,0.2,0.63,0.75,0.19,0.03,0.58,0.14,0,0.43,0.1,0,0,0.000004,0.000009,0.000322,0.01,0,0,0,0,0.07,0.02,0,0,0,0,0.001393,0.000139,0,0,0,0,0,0,0,0,0,0,1919.07,1608.8,1219.17,923.92,1230.83,0.002,0.0017,0.0013,0.001,0.0006
65,0,0,0.04,1.68,1.89,0.37,0.2,0.64,0.76,0.19,0.03,0.59,0.14,0,0.43,0.1,0,0,0.000003,0.000007,0.000295,0.01,0,0,0,0,0.06,0.02,0,0,0,0,0.00132,0.000137,0,0,0,0,0,0,0,0,0,0,1919.06,1608.79,1219.16,923.92,1230.82,0.002,0.0017,0.0013,0.001,0.0006
66,0,0,0.04,1.68,1.89,0.37,0.2,0.64,0.77,0.19,0.03,0.6,0.14,0,0.44,0.1,0,0,0.000002,0.000006,0.000301,0.01,0,0,0,0,0.07,0.02,0,0,0,0,0.001251,0.000135,0,0,0,0,0,0,0,0,0,0,1919.05,1608.78,1219.15,923.91,1230.81,0.002,0.0017,0.0013,0.001,0.0006
67,0,0,0.04,1.68,1.9,0.38,0.2,0.65,0.79,0.19,0.03,0.61,0.14,0,0.45,0.1,0,0,0.000001,0.000005,0.000309,0.01,0,0,0,0,0.07,0.02,0,0,0,0,0.001192,0.000133,0,0,0,0,0,0,0,0,0,0,1919.03,1608.77,1219.14,923.9,1230.8,0.002,0.0017,0.0013,0.001,0.0006
68,0,0,0.05,1.73,1.95,0.39,0.19,0.66,0.8,0.18,0.03,0.61,0.14,0,0.45,0.1,0,0,0.001277,0.000011,0.000161,0.03,0.0117,0,0,0,0.09,0.03,0,0,0,0,0.001443,0.000049,0,0,0,0,0,0,0,0,0,0,1919.01,1608.76,1219.13,923.89,1230.79,0.002,0.0017,0.0013,0.001,0.0006
69,0,0,0.06,1.86,2.16,0.41,0.17,0.67,0.82,0.17,0.03,0.63,0.12,0,0.46,0.09,0,0,0.019401,0.000026,0.000363,0.11,0.0574,0,0,0,0.09,0.03,0,0,0,0,0.003639,0.00004,0,0,0,0.02,0.01,0.01,0.01,0,0,0,1918.99,1608.74,1219.12,923.88,1230.78,0.002,0.0017,0.0013,0.001,0.0006
70,0,0,0.06,1.85,2.16,0.42,0.17,0.68,0.83,0.17,0.03,0.64,0.12,0,0.47,0.09,0,0,0.014898,0.000035,0.002004,0.02,0.0001,0,0,0,0.08,0.03,0,0,0,0,0.002487,0.000193,0,0,0,0,0,0,0,0,0,0,1918.97,1608.73,1219.11,923.87,1230.76,0.002,0.0017,0.0013,0.001,0.0006
71,0,0,0.06,1.85,2.17,0.43,0.17,0.68,0.84,0.17,0.03,0.64,0.12,0,0.48,0.09,0,0,0.003998,0.000028,0.001709,0.02,0,0,0,0,0.08,0.03,0,0,0,0,0.002293,0.00019,0,0,0,0,0,0,0,0,0,0,1918.96,1608.71,1219.1,923.87,1230.75,0.002,0.0017,0.0013,0.001,0.0006
72,0,0,0.06,1.85,2.17,0.44,0.16,0.69,0.86,0.16,0.03,0.65,0.12,0,0.48,0.09,0,0,0.001049,0.000023,0.00093,0.02,0,0,0,0,0.09,0.03,0,0,0,0,0.002132,0.000184,0,0,0,0,0,0,0,0,0,0,1918.93,1608.7,1219.08,923.86,1230.74,0.002,0.0017,0.0013,0.001,0.0006
73,0,0,0.06,1.85,2.18,0.45,0.16,0.7,0.87,0.16,0.03,0.66,0.12,0,0.49,0.09,0,0,0.000272,0.000019,0.000342,0.02,0.0009,0,0,0,0.08,0.03,0,0,0,0,0.000095,0.000009,0,0,0,0,0,0,0,0,0,0,1918.92,1608.68,1219.07,923.85,1230.73,0.002,0.0017,0.0013,0.001,0.0006
74,0,0,0.06,1.85,2.18,0.46,0.16,0.71,0.89,0.16,0.03,0.67,0.12,0,0.5,0.09,0,0,0.00008,0.000015,0.000244,0.01,0,0,0,0,0.08,0.03,0,0,0,0,0.002218,0.000207,0,0,0,0,0,0,0,0,0,0,1918.9,1608.67,1219.06,923.84,1230.72,0.002,0.0017,0.0013,0.001,0.0006
75,0,0,0.06,1.84,2.19,0.47,0.16,0.72,0.9,0.16,0.03,0.68,0.12,0,0.5,0.09,0,0,0.000022,0.000013,0.000313,0.01,0,0,0,0,0.08,0.03,0,0,0,0,0.002063,0.0002,0,0,0,0,0,0,0,0,0,0,1918.88,1608.66,1219.05,923.83,1230.7,0.002,0.0017,0.0013,0.001,0.0006
76,0,0,0.06,1.84,2.19,0.48,0.16,0.72,0.91,0.16,0.03,0.69,0.12,0,0.51,0.09,0,0,0.000007,0.000011,0.000326,0.01,0,0,0,0,0.08,0.02,0,0,0,0,0.001932,0.000193,0,0,0,0,0,0,0,0,0,0,1918.86,1608.65,1219.04,923.82,1230.69,0.002,0.0017,0.0013,0.001,0.0006
77,0,0,0.06,1.84,2.2,0.49,0.16,0.73,0.93,0.16,0.03,0.71,0.12,0,0.52,0.09,0,0,0.000003,0.00001,0.000367,0.01,0,0,0,0,0.1,0.03,0,0,0,0,0.001811,0.000187,0,0,0,0,0,0,0,0,0,0,1918.84,1608.63,1219.02,923.81,1230.68,0.002,0.0017,0.0013,0.001,0.0006
78,0,0,0.06,1.84,2.22,0.51,0.16,0.73,0.95,0.16,0.03,0.72,0.12,0,0.53,0.09,0,0,0.000002,0.000009,0.000388,0.01,0,0,0,0,0.1,0.03,0,0,0,0,0.001706,0.000185,0,0,0,0,0,0,0,0,0,0,1918.81,1608.62,1219.01,923.8,1230.66,0.002,0.0017,0.0013,0.001,0.0006
79,0,0,0.06,1.84,2.22,0.52,0.16,0.74,0.97,0.16,0.03,0.73,0.12,0,0.53,0.09,0,0,0.000002,0.000007,0.000375,0.01,0,0,0,0,0.09,0.02,0,0,0,0,0.001618,0.000186,0,0,0,0,0,0,0,0,0,0,1918.8,1608.61,1219,923.79,1230.65,0.002,0.0017,0.0013,0.001,0.0006
80,0,0,0.06,1.84,2.23,0.53,0.15,0.74,0.98,0.16,0.03,0.74,0.12,0,0.54,0.09,0,0,0.000002,0.000007,0.000385,0.01,0,0,0,0,0.09,0.02,0,0,0,0,0.001531,0.000185,0,0,0,0,0,0,0,0,0,0,1918.77,1608.59,1218.98,923.78,1230.64,0.002,0.0017,0.0013,0.001,0.0006
81,0,0,0.06,1.83,2.25,0.55,0.15,0.74,1,0.16,0.03,0.75,0.12,0,0.55,0.09,0,0,0.000002,0.000006,0.000185,0.02,0.0007,0,0,0,0.11,0.03,0,0,0,0,0.000101,0.000014,0,0,0,0,0,0,0,0,0,0,1918.74,1608.58,1218.97,923.76,1230.62,0.002,0.0017,0.0013,0.001,0.0006
82,0,0,0.06,1.83,2.26,0.56,0.15,0.75,1.02,0.16,0.03,0.77,0.12,0,0.56,0.09,0,0,0.000002,0.000005,0.000228,0.01,0,0,0,0,0.09,0.02,0,0,0,0,0.001983,0.000262,0,0,0,0,0,0,0,0,0,0,1918.72,1608.57,1218.95,923.75,1230.61,0.002,0.0017,0.0013,0.001,0.0006
83,0,0,0.06,1.83,2.27,0.57,0.15,0.75,1.04,0.16,0.03,0.78,0.12,0,0.57,0.09,0,0,0.000001,0.000005,0.000338,0.01,0,0,0,0,0.08,0.02,0,0,0,0,0.001842,0.000254,0,0,0,0,0,0,0,0,0,0,1918.7,1608.55,1218.94,923.74,1230.59,0.002,0.0017,0.0013,0.001,0.0006
84,0,0,0.06,1.83,2.28,0.58,0.15,0.75,1.05,0.16,0.03,0.79,0.12,0,0.57,0.09,0,0,0.000002,0.000005,0.000367,0.01,0,0,0,0,0.09,0.02,0,0,0,0,0.001722,0.000247,0,0,0,0,0,0,0,0,0,0,1918.68,1608.54,1218.93,923.73,1230.58,0.002,0.0017,0.0013,0.001,0.0006
85,0,0,0.08,1.93,2.44,0.6,0.14,0.76,1.07,0.15,0.03,0.8,0.11,0,0.58,0.08,0,0,0.015651,0.000027,0.000507,0.09,0.0398,0,0,0,0.12,0.03,0,0,0,0,0.005351,0.000113,0,0,0,0.01,0.01,0.01,0,0,0,0,1918.64,1608.52,1218.91,923.72,1230.56,0.002,0.0017,0.0013,0.001,0.0006
86,0,0,0.1,2.05,2.71,0.63,0.11,0.77,1.1,0.13,0.03,0.82,0.1,0,0.59,0.07,0,0,0.036588,0.000048,0.001352,0.15,0.0642,0,0,0,0.13,0.03,0,0,0,0,0.001405,0.000036,0,0,0,0.03,0.02,0.01,0.01,0.01,0,0,1918.61,1608.5,1218.9,923.71,1230.55,0.002,0.0017,0.0013,0.001,0.0006
87,0,0,0.11,2.18,2.96,0.66,0.08,0.78,1.12,0.11,0.03,0.83,0.08,0,0.6,0.06,0,0,0.052282,0.000057,0.003123,0.15,0.0668,0,0,0,0.11,0.03,0,0,0,0,0.001503,0.000038,0,0,0,0.02,0.02,0.01,0.01,0.01,0,0,1918.58,1608.48,1218.88,923.7,1230.53,0.002,0.0017,0.0013,0.001,0.0006
88,0,0,0.13,2.29,3.1,0.68,0.07,0.78,1.14,0.1,0.03,0.84,0.08,0,0.61,0.06,0,0,0.045235,0.000057,0.003756,0.1,0.0501,0,0,0,0.1,0.03,0,0,0,0,0.006381,0.000122,0,0,0,0.01,0.01,0.01,0,0,0,0,1918.57,1608.46,1218.87,923.68,1230.52,0.002,0.0017,0.0013,0.001,0.0006
89,0,0,0.13,2.32,3.13,0.69,0.07,0.78,1.15,0.1,0.03,0.85,0.08,0,0.62,0.06,0,0,0.002831,0.00005,0.021837,0.05,0.0129,0,0,0,0.09,0.03,0,0,0,0,0.002001,0.000091,0,0,0,0,0,0,0,0,0,0,1918.55,1608.44,1218.85,923.67,1230.51,0.002,0.0017,0.0013,0.001,0.0006
90,0,0,0.13,2.32,3.11,0.71,0.07,0.79,1.17,0.1,0.03,0.87,0.08,0,0.63,0.06,0,0,0.000889,0.00004,0.005782,0.03,0,0,0,0,0.09,0.03,0,0,0,0,0.004886,0.000374,0,0,0,0,0,0,0,0,0,0,1918.53,1608.43,1218.84,923.66,1230.49,0.002,0.0017,0.0013,0.001,0.0006
91,0,0,0.13,2.4,3.19,0.72,0.07,0.79,1.18,0.09,0.03,0.88,0.07,0,0.63,0.06,0,0,0.006738,0.000036,0.001619,0.08,0.0332,0,0,0,0.09,0.03,0,0,0,0,0.005589,0.000168,0,0,0,0,0,0,0,0,0,0,1918.51,1608.41,1218.83,923.65,1230.48,0.002,0.0017,0.0013,0.001,0.0006
92,0,0,0.13,2.4,3.18,0.74,0.07,0.8,1.2,0.09,0.03,0.89,0.07,0,0.64,0.06,0,0,0.003051,0.000032,0.000931,0.03,0,0,0,0,0.09,0.03,0,0,0,0,0.005115,0.000399,0,0,0,0,0,0,0,0,0,0,1918.49,1608.4,1218.81,923.64,1230.47,0.002,0.0017,0.0013,0.001,0.0006
93,0,0,0.13,2.4,3.17,0.75,0.07,0.8,1.21,0.09,0.03,0.9,0.07,0,0.65,0.06,0,0,0.000792,0.000027,0.000669,0.03,0,0,0,0,0.09,0.03,0,0,0,0,0.00471,0.000383,0,0,0,0,0,0,0,0,0,0,1918.47,1608.38,1218.8,923.63,1230.45,0.002,0.0017,0.0013,0.001,0.0006
94,0,0,0.13,2.41,3.16,0.76,0.07,0.8,1.23,0.09,0.03,0.91,0.07,0,0.66,0.06,0,0,0.000202,0.000023,0.000459,0.03,0,0,0,0,0.09,0.02,0,0,0,0,0.004364,0.000369,0,0,0,0,0,0,0,0,0,0,1918.45,1608.37,1218.79,923.63,1230.44,0.002,0.0017,0.0013,0.001,0.0006
95,0,0,0.13,2.41,3.15,0.78,0.07,0.81,1.24,0.09,0.03,0.92,0.07,0,0.66,0.06,0,0,0.000052,0.00002,0.000371,0.03,0,0,0,0,0.08,0.02,0,0,0,0,0.004071,0.000358,0,0,0,0,0,0,0,0,0,0,1918.43,1608.35,1218.78,923.62,1230.43,0.002,0.0017,0.0013,0.001,0.0006
96,0,0,0.13,2.41,3.13,0.79,0.07,0.81,1.26,0.09,0.03,0.93,0.07,0,0.67,0.06,0,0,0.000015,0.000017,0.000338,0.03,0,0,0,0,0.08,0.02,0,0,0,0,0.003818,0.000348,0,0,0,0,0,0,0,0,0,0,1918.42,1608.34,1218.77,923.61,1230.42,0.002,0.0017,0.0013,0.001,0.0006
97,0,0,0.13,2.41,3.12,0.8,0.06,0.81,1.27,0.09,0.03,0.94,0.07,0,0.68,0.06,0,0,0.000006,0.000015,0.000327,0.03,0,0,0,0,0.08,0.02,0,0,0,0,0.003594,0.00034,0,0,0,0,0,0,0,0,0,0,1918.4,1608.33,1218.76,923.6,1230.4,0.002,0.0017,0.0013,0.001,0.0006
98,0,0,0.13,2.41,3.11,0.81,0.06,0.82,1.29,0.09,0.03,0.95,0.07,0,0.69,0.06,0,0,0.000004,0.000014,0.000363,0.03,0,0,0,0,0.09,0.02,0,0,0,0,0.003384,0.000331,0,0,0,0,0,0,0,0,0,0,1918.38,1608.32,1218.74,923.59,1230.39,0.002,0.0017,0.0013,0.001,0.0006
99,0,0,0.13,2.41,3.1,0.82,0.06,0.82,1.31,0.09,0.03,0.96,0.07,0,0.69,0.05,0,0,0.000004,0.000013,0.000374,0.03,0,0,0,0,0.09,0.02,0,0,0,0,0.003196,0.000324,0,0,0,0,0,0,0,0,0,0,1918.36,1608.3,1218.73,923.57,1230.37,0.002,0.0017,0.0013,0.001,0.0006
100,0,0,0.12,2.41,3.09,0.84,0.06,0.82,1.32,0.09,0.03,0.97,0.07,0,0.7,0.05,0,0,0.000003,0.000011,0.000368,0.03,0,0,0,0,0.08,0.02,0,0,0,0,0.003032,0.000318,0,0,0,0,0,0,0,0,0,0,1918.34,1608.29,1218.71,923.56,1230.36,0.002,0.0017,0.0013,0.001,0.0006
101,0,0,0.12,2.41,3.09,0.85,0.06,0.83,1.34,0.09,0.03,0.98,0.07,0,0.71,0.05,0,0,0.000002,0.000009,0.000176,0.03,0.0006,0,0,0,0.09,0.02,0,0,0,0,0.000181,0.00002,0,0,0,0,0,0,0,0,0,0,1918.32,1608.28,1218.7,923.55,1230.35,0.002,0.0017,0.0013,0.001,0.0006
102,0,0,0.12,2.42,3.09,0.86,0.06,0.83,1.36,0.09,0.03,1,0.07,0,0.72,0.05,0,0,0.000006,0.000007,0.000124,0.03,0.0052,0,0,0,0.09,0.03,0,0,0,0,0.000682,0.000067,0,0,0,0,0,0,0,0,0,0,1918.3,1608.26,1218.69,923.54,1230.33,0.002,0.0017,0.0013,0.001,0.0006
103,0,0,0.13,2.42,3.1,0.88,0.06,0.84,1.37,0.09,0.03,1.01,0.07,0,0.73,0.05,0,0,0.00001,0.000006,0.000077,0.03,0.0035,0,0,0,0.1,0.03,0,0,0,0,0.000443,0.000043,0,0,0,0,0,0,0,0,0,0,1918.28,1608.25,1218.68,923.53,1230.32,0.002,0.0017,0.0013,0.001,0.0006
104,0,0,0.12,2.42,3.09,0.89,0.06,0.84,1.39,0.09,0.03,1.02,0.07,0,0.73,0.05,0,0,0.000005,0.000006,0.000193,0.03,0,0,0,0,0.09,0.03,0,0,0,0,0.004161,0.000496,0,0,0,0,0,0,0,0,0,0,1918.26,1608.23,1218.66,923.52,1230.3,0.002,0.0017,0.0013,0.001,0.0006
105,0,0,0.12,2.42,3.09,0.91,0.06,0.85,1.4,0.09,0.03,1.03,0.07,0,0.74,0.05,0,0,0.000004,0.000007,0.000333,0.03,0,0,0,0,0.1,0.03,0,0,0,0,0.003831,0.000472,0,0,0,0,0,0,0,0,0,0,1918.23,1608.21,1218.65,923.51,1230.29,0.002,0.0017,0.0013,0.001,0.0006
106,0,0,0.12,2.43,3.09,0.92,0.06,0.85,1.42,0.09,0.03,1.04,0.07,0,0.75,0.05,0,0,0.000004,0.000007,0.000372,0.02,0,0,0,0,0.1,0.03,0,0,0,0,0.003549,0.000452,0,0,0,0,0,0,0,0,0,0,1918.21,1608.19,1218.63,923.5,1230.28,0.002,0.0017,0.0013,0.001,0.0006
107,0,0,0.13,2.42,3.11,0.94,0.06,0.86,1.44,0.09,0.03,1.05,0.07,0,0.76,0.05,0,0,0.000003,0.000007,0.000187,0.03,0.0012,0,0,0,0.12,0.03,0,0,0,0,0.0002,0.000028,0,0,0,0,0,0,0,0,0,0,1918.17,1608.18,1218.62,923.49,1230.26,0.002,0.0017,0.0013,0.001,0.0006
108,0,0,0.13,2.42,3.12,0.96,0.06,0.86,1.46,0.09,0.03,1.07,0.07,0,0.77,0.05,0,0,0.000002,0.000005,0.000042,0.03,0.0018,0,0,0,0.12,0.03,0,0,0,0,0.000218,0.000031,0,0,0,0,0,0,0,0,0,0,1918.13,1608.16,1218.6,923.48,1230.25,0.002,0.0017,0.0013,0.001,0.0006
109,0,0,0.15,2.5,3.39,0.98,0.04,0.87,1.48,0.07,0.03,1.08,0.06,0,0.77,0.05,0,0,0.026203,0.000044,0.001789,0.16,0.0713,0,0,0,0.12,0.03,0,0,0,0,0.001635,0.000067,0,0,0,0.03,0.02,0.01,0.01,0.01,0,0,1918.1,1608.13,1218.59,923.46,1230.23,0.002,0.0017,0.0013,0.001,0.0006
110,0,0,0.17,2.6,3.66,1.01,0.03,0.87,1.5,0.05,0.03,1.09,0.05,0,0.78,0.04,0,0,0.044744,0.000068,0.005928,0.16,0.0737,0,0,0,0.12,0.03,0,0,0,0,0.001723,0.000067,0,0,0,0.02,0.01,0.01,0.01,0.01,0,0,1918.07,1608.11,1218.57,923.45,1230.22,0.002,0.0017,0.0013,0.001,0.0006
111,0,0,0.17,2.67,3.72,1.03,0.03,0.88,1.52,0.05,0.03,1.1,0.05,0,0.79,0.04,0,0,0.032059,0.000065,0.005657,0.07,0.0272,0,0,0,0.11,0.03,0,0,0,0,0.004623,0.000228,0,0,0,0,0,0,0,0,0,0,1918.04,1608.09,1218.56,923.44,1230.2,0.002,0.0017,0.0013,0.001,0.0006
112,0,0,0.17,2.66,3.71,1.04,0.03,0.89,1.53,0.05,0.03,1.12,0.05,0,0.8,0.04,0,0,0.01083,0.000052,0.001738,0.04,0.0008,0,0,0,0.11,0.03,0,0,0,0,0.00014,0.000014,0,0,0,0,0,0,0,0,0,0,1918.01,1608.07,1218.54,923.43,1230.19,0.002,0.0017,0.0013,0.001,0.0006
113,0,0,0.17,2.67,3.7,1.06,0.03,0.89,1.55,0.05,0.03,1.13,0.05,0,0.81,0.04,0,0,0.003092,0.000043,0.000936,0.03,0,0,0,0,0.1,0.03,0,0,0,0,0.005859,0.000606,0,0,0,0,0,0,0,0,0,0,1917.99,1608.05,1218.53,923.42,1230.17,0.002,0.0017,0.0013,0.001,0.0006
114,0,0,0.17,2.67,3.68,1.07,0.03,0.89,1.57,0.05,0.03,1.14,0.05,0,0.82,0.04,0,0,0.000795,0.000036,0.000652,0.03,0,0,0,0,0.1,0.03,0,0,0,0,0.005382,0.000575,0,0,0,0,0,0,0,0,0,0,1917.96,1608.04,1218.51,923.41,1230.16,0.002,0.0017,0.0013,0.001,0.0006
115,0,0,0.17,2.67,3.67,1.09,0.03,0.9,1.59,0.05,0.03,1.15,0.04,0,0.82,0.04,0,0,0.000203,0.000033,0.00048,0.03,0,0,0,0,0.1,0.03,0,0,0,0,0.004968,0.000548,0,0,0,0,0,0,0,0,0,0,1917.94,1608.02,1218.5,923.4,1230.15,0.002,0.0017,0.0013,0.001,0.0006
116,0,0,0.17,2.67,3.67,1.1,0.03,0.9,1.6,0.05,0.03,1.16,0.04,0,0.83,0.04,0,0,0.000052,0.00003,0.000419,0.03,0,0,0,0,0.1,0.02,0,0,0,0,0.004607,0.000524,0,0,0,0,0,0,0,0,0,0,1917.91,1608,1218.48,923.39,1230.13,0.002,0.0017,0.0013,0.001,0.0006
117,0,0,0.17,2.68,3.65,1.12,0.03,0.91,1.62,0.05,0.03,1.17,0.04,0,0.84,0.04,0,0,0.000015,0.000024,0.000385,0.03,0,0,0,0,0.09,0.02,0,0,0,0,0.004308,0.000504,0,0,0,0,0,0,0,0,0,0,1917.89,1607.99,1218.47,923.37,1230.12,0.002,0.0017,0.0013,0.001,0.0006
118,0,0,0.17,2.68,3.64,1.13,0.03,0.91,1.64,0.05,0.03,1.19,0.04,0,0.85,0.04,0,0,0.000007,0.00002,0.00037,0.03,0,0,0,0,0.09,0.02,0,0,0,0,0.004057,0.000489,0,0,0,0,0,0,0,0,0,0,1917.87,1607.97,1218.46,923.36,1230.1,0.002,0.0017,0.0013,0.001,0.0006
119,0,0,0.17,2.68,3.63,1.14,0.03,0.91,1.65,0.05,0.03,1.2,0.04,0,0.85,0.04,0,0,0.000005,0.000019,0.000375,0.03,0,0,0,0,0.09,0.02,0,0,0,0,0.003829,0.000474,0,0,0,0,0,0,0,0,0,0,1917.85,1607.96,1218.44,923.35,1230.09,0.002,0.0017,0.0013,0.001,0.0006
120,0,0,0.17,2.68,3.62,1.16,0.03,0.92,1.67,0.05,0.03,1.21,0.04,0,0.86,0.04,0,0,0.000005,0.000019,0.000393,0.03,0,0,0,0,0.1,0.02,0,0,0,0,0.003613,0.00046,0,0,0,0,0,0,0,0,0,0,1917.82,1607.95,1218.43,923.34,1230.07,0.002,0.0017,0.0013,0.001,0.0006
121,0,0,0.17,2.68,3.62,1.17,0.03,0.92,1.69,0.05,0.03,1.22,0.04,0,0.87,0.04,0,0,0.000004,0.000019,0.000424,0.03,0,0,0,0,0.1,0.02,0,0,0,0,0.00341,0.000446,0,0,0,0,0,0,0,0,0,0,1917.8,1607.93,1218.41,923.33,1230.06,0.002,0.0017,0.0013,0.001,0.0006
122,0,0,0.17,2.74,3.7,1.19,0.03,0.93,1.71,0.05,0.03,1.23,0.04,0,0.88,0.03,0,0,0.005465,0.000024,0.000937,0.07,0.0272,0,0,0,0.14,0.03,0,0,0,0,0.004694,0.000294,0,0,0,0,0,0,0,0,0,0,1917.76,1607.9,1218.39,923.32,1230.05,0.002,0.0017,0.0013,0.001,0.0006
123,0,0,0.18,2.79,3.77,1.22,0.02,0.94,1.73,0.05,0.03,1.25,0.04,0,0.89,0.03,0,0,0.00641,0.000031,0.000909,0.07,0.0263,0,0,0,0.14,0.03,0,0,0,0,0.004285,0.000285,0,0,0,0,0,0,0,0,0,0,1917.72,1607.87,1218.38,923.3,1230.03,0.002,0.0017,0.0013,0.001,0.0006
124,0,0,0.18,2.79,3.77,1.24,0.03,0.94,1.75,0.05,0.03,1.26,0.04,0,0.9,0.03,0,0,0.002246,0.000031,0.00069,0.03,0,0,0,0,0.13,0.03,0,0,0,0,0.005517,0.000728,0,0,0,0,0,0,0,0,0,0,1917.68,1607.85,1218.36,923.29,1230.02,0.002,0.0017,0.0013,0.001,0.0006
125,0,0,0.18,2.8,3.77,1.26,0.03,0.95,1.77,0.05,0.03,1.27,0.04,0,0.9,0.03,0,0,0.000529,0.000027,0.000594,0.03,0,0,0,0,0.12,0.03,0,0,0,0,0.005021,0.000683,0,0,0,0,0,0,0,0,0,0,1917.64,1607.83,1218.34,923.28,1230,0.002,0.0017,0.0013,0.001,0.0006
126,0,0,0.18,2.81,3.79,1.29,0.03,0.95,1.79,0.05,0.03,1.29,0.04,0,0.91,0.03,0,0,0.000038,0.00002,0.000852,0.04,0.0083,0,0,0,0.12,0.03,0,0,0,0,0.001265,0.000138,0,0,0,0,0,0,0,0,0,0,1917.61,1607.8,1218.32,923.26,1229.98,0.002,0.0017,0.0013,0.001,0.0006
127,0,0,0.18,2.81,3.78,1.32,0.03,0.95,1.81,0.04,0.03,1.3,0.04,0,0.92,0.03,0,0,0.000015,0.000018,0.00042,0.03,0,0,0,0,0.12,0.03,0,0,0,0,0.005385,0.000783,0,0,0,0,0,0,0,0,0,0,1917.58,1607.78,1218.31,923.25,1229.97,0.002,0.0017,0.0013,0.001,0.0006
128,0,0,0.18,2.81,3.79,1.34,0.03,0.95,1.83,0.04,0.03,1.31,0.04,0,0.93,0.03,0,0,0.000006,0.000016,0.000202,0.03,0.0004,0,0,0,0.12,0.03,0,0,0,0,0.000109,0.000017,0,0,0,0,0,0,0,0,0,0,1917.54,1607.76,1218.29,923.24,1229.95,0.002,0.0017,0.0013,0.001,0.0006
129,0,0,0.2,2.86,4.05,1.37,0.01,0.95,1.85,0.03,0.03,1.33,0.03,0,0.94,0.03,0,0,0.02735,0.000061,0.003514,0.16,0.0762,0,0,0,0.14,0.03,0,0,0,0,0.003209,0.000151,0,0,0,0.03,0.01,0.01,0.01,0.01,0,0,1917.5,1607.73,1218.27,923.23,1229.94,0.002,0.0017,0.0013,0.001,0.0006
130,0,0,0.2,2.86,4.05,1.41,0.01,0.95,1.87,0.03,0.03,1.34,0.03,0,0.95,0.03,0,0,0.022424,0.000072,0.004018,0.04,0.0025,0,0,0,0.13,0.03,0,0,0,0,0.000321,0.000044,0,0,0,0,0,0,0,0,0,0,1917.46,1607.71,1218.25,923.21,1229.92,0.002,0.0017,0.0013,0.001,0.0006
131,0,0,0.2,2.86,4.05,1.43,0.01,0.95,1.89,0.03,0.03,1.35,0.03,0,0.96,0.03,0,0,0.006045,0.000062,0.001947,0.04,0,0,0,0,0.13,0.03,0,0,0,0,0.005999,0.000907,0,0,0,0,0,0,0,0,0,0,1917.42,1607.68,1218.23,923.2,1229.9,0.002,0.0017,0.0013,0.001,0.0006
132,0,0,0.2,2.86,4.05,1.46,0.01,0.95,1.91,0.03,0.03,1.37,0.03,0,0.97,0.03,0,0,0.00149,0.000055,0.001001,0.03,0,0,0,0,0.12,0.03,0,0,0,0,0.005468,0.000865,0,0,0,0,0,0,0,0,0,0,1917.39,1607.66,1218.22,923.19,1229.89,0.002,0.0017,0.0013,0.001,0.0006
133,0,0,0.2,2.87,4.04,1.48,0.02,0.95,1.94,0.03,0.03,1.38,0.03,0,0.98,0.03,0,0,0.000353,0.000049,0.00061,0.03,0,0,0,0,0.12,0.03,0,0,0,0,0.005027,0.000829,0,0,0,0,0,0,0,0,0,0,1917.36,1607.64,1218.2,923.17,1229.87,0.002,0.0017,0.0013,0.001,0.0006
134,0,0,0.2,2.87,4.04,1.51,0.02,0.95,1.96,0.03,0.03,1.39,0.03,0,0.98,0.03,0,0,0.000084,0.000042,0.000493,0.03,0,0,0,0,0.12,0.03,0,0,0,0,0.004656,0.0008,0,0,0,0,0,0,0,0,0,0,1917.33,1607.62,1218.18,923.16,1229.85,0.002,0.0017,0.0013,0.001,0.0006
135,0,0,0.21,2.93,4.26,1.54,0.01,0.95,1.98,0.02,0.03,1.41,0.02,0,0.99,0.02,0,0,0.023657,0.000065,0.004431,0.14,0.0693,0,0,0,0.14,0.03,0,0,0,0,0.004953,0.00027,0,0,0,0.03,0.01,0.01,0.01,0,0,0,1917.28,1607.59,1218.16,923.15,1229.84,0.002,0.0017,0.0013,0.001,0.0006
136,0,0,0.21,2.93,4.26,1.57,0.01,0.95,2,0.02,0.03,1.42,0.02,0,1,0.02,0,0,0.01683,0.000082,0.004226,0.04,0,0,0,0,0.14,0.03,0,0,0,0,0.006933,0.001144,0,0,0,0,0,0,0,0,0,0,1917.24,1607.56,1218.14,923.13,1229.82,0.002,0.0017,0.0013,0.001,0.0006
137,0,0,0.21,2.94,4.26,1.6,0.01,0.95,2.02,0.02,0.03,1.44,0.02,0,1.01,0.02,0,0,0.004184,0.000073,0.001975,0.04,0,0,0,0,0.13,0.03,0,0,0,0,0.0062,0.00107,0,0,0,0,0,0,0,0,0,0,1917.2,1607.54,1218.12,923.12,1229.8,0.002,0.0017,0.0013,0.001,0.0006
138,0,0,0.21,2.94,4.26,1.63,0.01,0.95,2.04,0.02,0.03,1.45,0.02,0,1.02,0.02,0,0,0.000979,0.000065,0.000939,0.04,0,0,0,0,0.13,0.03,0,0,0,0,0.005613,0.001009,0,0,0,0,0,0,0,0,0,0,1917.17,1607.51,1218.1,923.1,1229.79,0.002,0.0017,0.0013,0.001,0.0006
139,0,0,0.21,2.94,4.25,1.66,0.01,0.95,2.07,0.02,0.03,1.47,0.02,0,1.03,0.02,0,0,0.000213,0.000047,0.000586,0.04,0,0,0,0,0.12,0.03,0,0,0,0,0.005158,0.000963,0,0,0,0,0,0,0,0,0,0,1917.14,1607.49,1218.08,923.09,1229.77,0.002,0.0017,0.0013,0.001,0.0006
140,0,0,0.21,2.95,4.25,1.68,0.01,0.95,2.09,0.02,0.03,1.48,0.02,0,1.04,0.02,0,0,0.000052,0.000042,0.000503,0.03,0,0,0,0,0.12,0.02,0,0,0,0,0.004793,0.000927,0,0,0,0,0,0,0,0,0,0,1917.11,1607.47,1218.07,923.08,1229.75,0.002,0.0017,0.0013,0.001,0.0006
141,0,0,0.21,2.95,4.24,1.7,0.01,0.95,2.11,0.02,0.03,1.49,0.02,0,1.05,0.02,0,0,0.000016,0.000035,0.000484,0.03,0,0,0,0,0.12,0.02,0,0,0,0,0.004476,0.000896,0,0,0,0,0,0,0,0,0,0,1917.08,1607.45,1218.05,923.06,1229.73,0.002,0.0017,0.0013,0.001,0.0006
142,0,0,0.21,2.95,4.23,1.72,0.01,0.95,2.13,0.02,0.03,1.51,0.02,0,1.06,0.02,0,0,0.000008,0.00003,0.000485,0.03,0,0,0,0,0.11,0.02,0,0,0,0,0.004201,0.000868,0,0,0,0,0,0,0,0,0,0,1917.05,1607.43,1218.03,923.05,1229.71,0.002,0.0017,0.0013,0.001,0.0006
143,0,0,0.21,2.95,4.22,1.74,0.01,0.95,2.16,0.02,0.03,1.52,0.02,0,1.07,0.02,0,0,0.000006,0.000025,0.000489,0.03,0,0,0,0,0.11,0.02,0,0,0,0,0.00396,0.000844,0,0,0,0,0,0,0,0,0,0,1917.02,1607.41,1218.01,923.03,1229.7,0.002,0.0017,0.0013,0.001,0.0006
144,0,0,0.21,2.96,4.22,1.76,0.01,0.95,2.18,0.02,0.03,1.54,0.02,0,1.08,0.02,0,0,0.000006,0.000023,0.000497,0.03,0,0,0,0,0.11,0.02,0,0,0,0,0.003744,0.000822,0,0,0,0,0,0,0,0,0,0,1916.99,1607.4,1217.99,923.02,1229.68,0.002,0.0017,0.0013,0.001,0.0006
145,0,0,0.21,2.96,4.21,1.78,0.01,0.95,2.2,0.02,0.03,1.55,0.02,0,1.09,0.02,0,0,0.000005,0.000019,0.000494,0.03,0,0,0,0,0.11,0.02,0,0,0,0,0.003554,0.000804,0,0,0,0,0,0,0,0,0,0,1916.97,1607.38,1217.98,923,1229.66,0.002,0.0017,0.0013,0.001,0.0006
146,0,0,0.21,2.98,4.24,1.82,0.01,0.95,2.22,0.02,0.03,1.57,0.02,0,1.1,0.02,0,0,0.000059,0.000011,0.00149,0.05,0.0118,0,0,0,0.14,0.03,0,0,0,0,0.001993,0.000339,0,0,0,0,0,0,0,0,0,0,1916.93,1607.35,1217.96,922.99,1229.64,0.002,0.0017,0.0013,0.001,0.0006
147,0,0,0.22,3,4.27,1.85,0.01,0.95,2.24,0.02,0.03,1.58,0.02,0,1.11,0.02,0,0,0.000059,0.000011,0.001378,0.05,0.0106,0,0,0,0.14,0.03,0,0,0,0,0.001602,0.000276,0,0,0,0,0,0,0,0,0,0,1916.89,1607.32,1217.94,922.97,1229.62,0.002,0.0017,0.0013,0.001,0.0006
148,0,0,0.22,3.01,4.28,1.88,0.01,0.95,2.27,0.02,0.03,1.6,0.02,0,1.12,0.02,0,0,0.000022,0.000013,0.000581,0.03,0,0,0,0,0.14,0.03,0,0,0,0,0.005779,0.001407,0,0,0,0,0,0,0,0,0,0,1916.85,1607.3,1217.92,922.96,1229.61,0.002,0.0017,0.0013,0.001,0.0006
149,0,0,0.22,3.01,4.28,1.91,0.02,0.95,2.29,0.02,0.03,1.61,0.02,0,1.13,0.02,0,0,0.00001,0.000015,0.000524,0.03,0,0,0,0,0.13,0.03,0,0,0,0,0.005219,0.001311,0,0,0,0,0,0,0,0,0,0,1916.81,1607.27,1217.9,922.94,1229.59,0.002,0.0017,0.0013,0.001,0.0006
150,0,0,0.22,3.04,4.33,1.94,0.01,0.95,2.31,0.02,0.03,1.63,0.02,0,1.14,0.02,0,0,0.000162,0.000013,0.002531,0.05,0.0167,0,0,0,0.14,0.03,0,0,0,0,0.002654,0.000454,0,0,0,0,0,0,0,0,0,0,1916.77,1607.24,1217.88,922.93,1229.57,0.002,0.0017,0.0013,0.001,0.0006
151,0,0,0.23,3.1,4.45,1.98,0.01,0.95,2.33,0.01,0.03,1.64,0.02,0,1.15,0.02,0,0,0.012347,0.000043,0.002762,0.09,0.0448,0,0,0,0.14,0.03,0,0,0,0,0.007044,0.000695,0,0,0,0.01,0.01,0,0,0,0,0,1916.73,1607.22,1217.86,922.92,1229.55,0.002,0.0017,0.0013,0.001,0.0006
152,0,0,0.23,3.09,4.46,2.01,0.01,0.95,2.35,0.01,0.03,1.66,0.02,0,1.16,0.02,0,0,0.005827,0.000053,0.001384,0.04,0.0013,0,0,0,0.14,0.03,0,0,0,0,0.000195,0.000048,0,0,0,0,0,0,0,0,0,0,1916.69,1607.19,1217.84,922.9,1229.53,0.002,0.0017,0.0013,0.001,0.0006
153,0,0,0.23,3.1,4.46,2.04,0.01,0.95,2.38,0.01,0.03,1.67,0.02,0,1.17,0.02,0,0,0.001442,0.000047,0.000789,0.03,0,0,0,0,0.14,0.03,0,0,0,0,0.005989,0.001559,0,0,0,0,0,0,0,0,0,0,1916.65,1607.16,1217.82,922.89,1229.51,0.002,0.0017,0.0013,0.001,0.0006
154,0,0,0.23,3.11,4.49,2.07,0.01,0.95,2.4,0.01,0.03,1.69,0.02,0,1.18,0.02,0,0,0.000114,0.000035,0.001342,0.04,0.0099,0,0,0,0.14,0.03,0,0,0,0,0.001516,0.000324,0,0,0,0,0,0,0,0,0,0,1916.6,1607.13,1217.8,922.87,1229.5,0.002,0.0017,0.0013,0.001,0.0006
155,0,0,0.23,3.11,4.49,2.1,0.01,0.95,2.42,0.01,0.03,1.7,0.02,0,1.19,0.02,0,0,0.000033,0.00003,0.000567,0.03,0,0,0,0,0.14,0.03,0,0,0,0,0.00595,0.001628,0,0,0,0,0,0,0,0,0,0,1916.56,1607.11,1217.78,922.86,1229.48,0.002,0.0017,0.0013,0.001,0.0006
156,0,0,0.23,3.11,4.49,2.13,0.01,0.95,2.44,0.01,0.03,1.72,0.02,0,1.2,0.02,0,0,0.000013,0.00003,0.00056,0.03,0,0,0,0,0.14,0.03,0,0,0,0,0.005349,0.001505,0,0,0,0,0,0,0,0,0,0,1916.52,1607.08,1217.76,922.84,1229.46,0.002,0.0017,0.0013,0.001,0.0006
157,0,0,0.23,3.12,4.49,2.16,0.01,0.95,2.47,0.01,0.03,1.73,0.02,0,1.21,0.02,0,0,0.000008,0.000025,0.000549,0.03,0,0,0,0,0.13,0.03,0,0,0,0,0.004888,0.001412,0,0,0,0,0,0,0,0,0,0,1916.49,1607.06,1217.74,922.83,1229.44,0.002,0.0017,0.0013,0.001,0.0006
158,0,0,0.23,3.12,4.49,2.18,0.02,0.95,2.49,0.01,0.03,1.75,0.02,0,1.22,0.02,0,0,0.000007,0.000022,0.000543,0.03,0,0,0,0,0.12,0.02,0,0,0,0,0.00453,0.001342,0,0,0,0,0,0,0,0,0,0,1916.46,1607.04,1217.72,922.81,1229.42,0.002,0.0017,0.0013,0.001,0.0006
159,0,0,0.23,3.12,4.49,2.21,0.02,0.95,2.51,0.01,0.03,1.76,0.02,0,1.23,0.02,0,0,0.000007,0.000021,0.000544,0.03,0,0,0,0,0.12,0.02,0,0,0,0,0.004231,0.001285,0,0,0,0,0,0,0,0,0,0,1916.43,1607.02,1217.7,922.8,1229.4,0.002,0.0017,0.0013,0.001,0.0006
160,0,0,0.23,3.12,4.49,2.23,0.02,0.95,2.53,0.01,0.03,1.78,0.02,0,1.24,0.02,0,0,0.000006,0.000019,0.000545,0.03,0,0,0,0,0.12,0.02,0,0,0,0,0.003974,0.001235,0,0,0,0,0,0,0,0,0,0,1916.4,1607,1217.69,922.79,1229.39,0.002,0.0017,0.0013,0.001,0.0006
161,0,0,0.23,3.13,4.48,2.25,0.02,0.95,2.55,0.01,0.03,1.79,0.02,0,1.25,0.01,0,0,0.000006,0.000017,0.000543,0.03,0,0,0,0,0.11,0.02,0,0,0,0,0.003752,0.001193,0,0,0,0,0,0,0,0,0,0,1916.37,1606.98,1217.67,922.77,1229.37,0.002,0.0017,0.0013,0.001,0.0006
162,0,0,0.23,3.13,4.48,2.27,0.02,0.95,2.58,0.01,0.03,1.81,0.02,0,1.26,0.01,0,0,0.000006,0.000016,0.000547,0.03,0,0,0,0,0.11,0.02,0,0,0,0,0.003556,0.001155,0,0,0,0,0,0,0,0,0,0,1916.34,1606.96,1217.65,922.76,1229.35,0.002,0.0017,0.0013,0.001,0.0006
163,0,0,0.23,3.13,4.47,2.29,0.02,0.95,2.6,0.01,0.03,1.82,0.02,0,1.27,0.01,0,0,0.000006,0.000015,0.000546,0.03,0,0,0,0,0.11,0.02,0,0,0,0,0.003381,0.001122,0,0,0,0,0,0,0,0,0,0,1916.32,1606.94,1217.63,922.74,1229.33,0.002,0.0017,0.0013,0.001,0.0006
164,0,0,0.26,3.13,4.79,2.32,0,0.95,2.62,0,0.03,1.84,0,0,1.28,0.01,0,0,0.03379,0.000077,0.01038,0.18,0.0824,0,0,0,0.14,0.03,0,0,0,0,0.001982,0.000262,0,0,0,0.05,0.02,0.01,0.01,0.01,0,0,1916.28,1606.92,1217.61,922.73,1229.31,0.002,0.0017,0.0013,0.001,0.0006
165,0,0,0.28,3.14,5.09,2.36,0,0.95,2.64,0,0.03,1.85,0,0,1.29,0,0,0,0.044176,0.000102,0.018985,0.18,0.0841,0,0,0,0.14,0.03,0,0,0,0,0.00207,0.000237,0,0,0,0.05,0,0,0,0.01,0,0,1916.24,1606.89,1217.59,922.71,1229.29,0.002,0.0017,0.0013,0.001,0.0006
166,0,0,0.3,3.17,5.37,2.39,0,0.95,2.66,0,0.03,1.87,0,0,1.3,0,0,0,0.041362,0.000104,0.01105,0.18,0.0844,0,0,0,0.14,0.03,0,0,0,0,0.002148,0.000242,0,0,0,0.05,0,0,0,0,0,0,1916.2,1606.86,1217.57,922.7,1229.27,0.002,0.0017,0.0013,0.001,0.0006
167,0,0,0.32,3.22,5.64,2.42,0,0.95,2.69,0,0.03,1.88,0,0,1.31,0,0,0,0.038,0.0001,0.004618,0.18,0.0855,0,0,0,0.14,0.03,0,0,0,0,0.002213,0.000246,0,0,0,0.04,0,0,0,0,0,0,1916.15,1606.83,1217.55,922.68,1229.26,0.002,0.0017,0.0013,0.001,0.0006
168,0,0,0.34,3.29,5.89,2.46,0,0.95,2.71,0,0.03,1.9,0,0,1.33,0,0,0,0.033062,0.000095,0.002571,0.18,0.0871,0,0,0,0.14,0.03,0,0,0,0,0.002266,0.000251,0,0,0,0.03,0,0,0,0,0,0,1916.11,1606.8,1217.53,922.67,1229.24,0.002,0.0017,0.0013,0.001,0.0006
169,0,0,0.36,3.38,6.13,2.49,0,0.95,2.73,0,0.03,1.91,0,0,1.34,0,0,0,0.030794,0.000101,0.002224,0.18,0.0893,0,0,0,0.14,0.03,0,0,0,0,0.002311,0.000256,0,0,0,0.03,0,0,0,0,0,0,1916.07,1606.78,1217.51,922.66,1229.22,0.002,0.0017,0.0013,0.001,0.0006
170,0,0,0.38,3.49,6.35,2.52,0,0.95,2.75,0,0.03,1.93,0,0,1.35,0,0,0,0.027887,0.000099,0.00211,0.18,0.092,0,0,0,0.14,0.03,0,0,0,0,0.002356,0.00026,0,0,0,0.03,0,0,0,0,0,0,1916.03,1606.75,1217.49,922.64,1229.2,0.002,0.0017,0.0013,0.001,0.0006
171,0,0,0.39,3.6,6.56,2.56,0,0.95,2.77,0,0.03,1.94,0,0,1.36,0,0,0,0.026477,0.000104,0.002133,0.18,0.0949,0,0,0,0.14,0.03,0,0,0,0,0.002408,0.000265,0,0,0,0.03,0,0,0,0,0,0,1915.99,1606.72,1217.47,922.63,1229.18,0.002,0.0017,0.0013,0.001,0.0006
172,0,0,0.41,3.72,6.76,2.59,0,0.95,2.8,0,0.03,1.96,0,0,1.37,0,0,0,0.025347,0.000106,0.002156,0.18,0.0981,0,0,0,0.14,0.03,0,0,0,0,0.002467,0.000269,0,0,0,0.03,0,0,0,0,0,0,1915.95,1606.69,1217.45,922.61,1229.16,0.002,0.0017,0.0013,0.001,0.0006
173,0,0,0.42,3.84,6.96,2.62,0,0.95,2.82,0,0.03,1.97,0,0,1.38,0,0,0,0.024354,0.000106,0.002172,0.18,0.1013,0,0,0,0.14,0.03,0,0,0,0,0.002532,0.000274,0,0,0,0.03,0,0,0,0,0,0,1915.9,1606.66,1217.43,922.6,1229.15,0.002,0.0017,0.0013,0.001,0.0006
174,0,0,0.44,3.96,7.15,2.66,0,0.95,2.84,0,0.03,1.99,0,0,1.39,0,0,0,0.02404,0.000108,0.002212,0.18,0.1045,0,0,0,0.14,0.03,0,0,0,0,0.002599,0.000279,0,0,0,0.03,0,0,0,0,0,0,1915.86,1606.63,1217.41,922.58,1229.13,0.002,0.0017,0.0013,0.001,0.0006
175,0,0,0.45,4.08,7.34,2.69,0,0.95,2.86,0,0.03,2,0,0,1.4,0,0,0,0.024494,0.000113,0.00228,0.19,0.1076,0,0,0,0.14,0.03,0,0,0,0,0.002667,0.000283,0,0,0,0.03,0,0,0,0,0,0,1915.82,1606.61,1217.39,922.57,1229.11,0.002,0.0017,0.0013,0.001,0.0006
176,0,0,0.47,4.19,7.52,2.72,0,0.95,2.89,0,0.03,2.02,0,0,1.41,0,0,0,0.024675,0.000116,0.002323,0.19,0.1106,0,0,0,0.14,0.03,0,0,0,0,0.002736,0.000288,0,0,0,0.03,0,0,0,0,0,0,1915.78,1606.58,1217.37,922.55,1229.09,0.002,0.0017,0.0013,0.001,0.0006
177,0,0,0.48,4.3,7.71,2.76,0,0.95,2.91,0,0.03,2.03,0,0,1.42,0,0,0,0.024275,0.000115,0.002339,0.19,0.1137,0,0,0,0.14,0.03,0,0,0,0,0.002803,0.000293,0,0,0,0.03,0,0,0,0,0,0,1915.74,1606.55,1217.35,922.54,1229.07,0.002,0.0017,0.0013,0.001,0.0006
178,0,0,0.49,4.41,7.89,2.79,0,0.95,2.93,0,0.03,2.05,0,0,1.43,0,0,0,0.02491,0.000122,0.002422,0.2,0.1165,0,0,0,0.14,0.03,0,0,0,0,0.002868,0.000297,0,0,0,0.03,0,0,0,0,0,0,1915.7,1606.52,1217.33,922.53,1229.05,0.002,0.0017,0.0013,0.001,0.0006
179,0,0,0.51,4.51,8.06,2.82,0,0.95,2.95,0,0.03,2.06,0,0,1.44,0,0,0,0.024805,0.000122,0.002456,0.2,0.1194,0,0,0,0.14,0.03,0,0,0,0,0.002933,0.000302,0,0,0,0.03,0,0,0,0,0,0,1915.66,1606.49,1217.31,922.51,1229.04,0.002,0.0017,0.0013,0.001,0.0006
180,0,0,0.52,4.62,8.23,2.86,0,0.95,2.97,0,0.03,2.08,0,0,1.45,0,0,0,0.024503,0.000122,0.002498,0.2,0.1222,0,0,0,0.14,0.03,0,0,0,0,0.002996,0.000307,0,0,0,0.03,0,0,0,0,0,0,1915.61,1606.47,1217.29,922.5,1229.02,0.002,0.0017,0.0013,0.001,0.0006
181,0,0,0.53,4.72,8.4,2.89,0,0.95,3,0,0.03,2.09,0,0,1.46,0,0,0,0.024805,0.000127,0.00258,0.21,0.1249,0,0,0,0.14,0.03,0,0,0,0,0.003057,0.000311,0,0,0,0.03,0,0,0,0,0,0,1915.57,1606.44,1217.27,922.48,1229,0.002,0.0017,0.0013,0.001,0.0006
182,0,0,0.56,4.82,8.56,2.93,0,0.95,3.02,0,0.03,2.11,0,0,1.47,0,0,0,0.024254,0.000125,0.002614,0.21,0.1275,0,0,0,0.14,0.03,0,0,0,0,0.003118,0.000316,0,0,0,0.03,0,0,0,0,0,0,1915.53,1606.41,1217.25,922.47,1228.98,0.002,0.0017,0.0013,0.001,0.0006
183,0,0,0.58,4.91,8.71,2.96,0,0.95,3.04,0,0.03,2.12,0,0,1.48,0,0,0,0.02433,0.000129,0.002713,0.21,0.1301,0,0,0,0.14,0.03,0,0,0,0,0.003182,0.000321,0,0,0,0.03,0,0,0,0,0,0,1915.49,1606.38,1217.23,922.45,1228.96,0.002,0.0017,0.0013,0.001,0.0006
184,0,0,0.6,5.01,8.87,2.99,0,0.95,3.06,0,0.03,2.14,0,0,1.49,0,0,0,0.023146,0.000123,0.002731,0.22,0.1328,0,0,0,0.14,0.03,0,0,0,0,0.003246,0.000325,0,0,0,0.03,0,0,0,0,0,0,1915.45,1606.35,1217.21,922.44,1228.94,0.002,0.0017,0.0013,0.001,0.0006
185,0,0,0.62,5.1,9.01,3.03,0,0.95,3.08,0,0.03,2.15,0,0,1.5,0,0,0,0.022525,0.000124,0.002845,0.22,0.1353,0,0,0,0.14,0.03,0,0,0,0,0.003307,0.00033,0,0,0,0.03,0,0,0,0,0,0,1915.41,1606.32,1217.19,922.42,1228.92,0.002,0.0017,0.0013,0.001,0.0006
186,0,0,0.64,5.2,9.16,3.06,0,0.95,3.11,0,0.03,2.17,0,0,1.51,0,0,0,0.022486,0.000127,0.002973,0.22,0.1378,0,0,0,0.14,0.03,0,0,0,0,0.003367,0.000335,0,0,0,0.03,0,0,0,0,0,0,1915.36,1606.3,1217.17,922.41,1228.91,0.002,0.0017,0.0013,0.001,0.0006
187,0,0,0.66,5.29,9.3,3.09,0,0.95,3.13,0,0.03,2.18,0,0,1.52,0,0,0,0.022768,0.000132,0.003113,0.22,0.1403,0,0,0,0.14,0.03,0,0,0,0,0.003426,0.000339,0,0,0,0.03,0,0,0,0,0,0,1915.32,1606.27,1217.15,922.4,1228.89,0.002,0.0017,0.0013,0.001,0.0006
188,0,0,0.68,5.38,9.44,3.13,0,0.95,3.15,0,0.03,2.2,0,0,1.53,0,0,0,0.023757,0.000141,0.003288,0.23,0.1426,0,0,0,0.14,0.03,0,0,0,0,0.003483,0.000344,0,0,0,0.03,0,0,0,0,0,0,1915.28,1606.24,1217.13,922.38,1228.87,0.002,0.0017,0.0013,0.001,0.0006
189,0,0,0.7,5.46,9.57,3.16,0,0.95,3.17,0,0.03,2.21,0,0,1.54,0,0,0,0.024361,0.000146,0.003428,0.23,0.1449,0,0,0,0.14,0.03,0,0,0,0,0.003539,0.000348,0,0,0,0.03,0,0,0,0,0,0,1915.24,1606.21,1217.11,922.37,1228.85,0.002,0.0017,0.0013,0.001,0.0006
190,0,0,0.71,5.49,9.51,3.19,0,0.95,3.2,0,0.03,2.23,0,0,1.55,0,0,0,0.007045,0.000142,0.011244,0.14,0.0271,0,0,0,0.14,0.03,0,0,0,0,0.006439,0.000745,0,0,0,0,0,0,0,0,0,0,1915.2,1606.18,1217.09,922.35,1228.83,0.002,0.0017,0.0013,0.001,0.0006
191,0,0,0.71,5.51,9.42,3.22,0,0.95,3.22,0,0.03,2.24,0,0,1.56,0,0,0,0.001814,0.000126,0.001928,0.12,0,0,0,0,0.14,0.03,0,0,0,0,0.021269,0.002928,0,0,0,0,0,0,0,0,0,0,1915.15,1606.16,1217.07,922.34,1228.81,0.002,0.0017,0.0013,0.001,0.0006
192,0,0,0.71,5.52,9.32,3.25,0.01,0.95,3.24,0,0.03,2.26,0,0,1.57,0,0,0,0.000428,0.000116,0.000518,0.12,0,0,0,0,0.14,0.02,0,0,0,0,0.019013,0.002684,0,0,0,0,0,0,0,0,0,0,1915.12,1606.13,1217.05,922.32,1228.8,0.002,0.0017,0.0013,0.001,0.0006
193,0,0,0.73,5.56,9.49,3.29,0,0.95,3.26,0,0.03,2.27,0,0,1.58,0,0,0,0.01508,0.000117,0.004979,0.23,0.1459,0,0,0,0.14,0.03,0,0,0,0,0.003598,0.000387,0,0,0,0.04,0.01,0,0,0,0,0,1915.07,1606.1,1217.03,922.31,1228.78,0.002,0.0017,0.0013,0.001,0.0006
194,0,0,0.75,5.62,9.64,3.32,0,0.95,3.28,0,0.03,2.29,0,0,1.59,0,0,0,0.025836,0.000162,0.005363,0.23,0.1494,0,0,0,0.14,0.03,0,0,0,0,0.00361,0.00037,0,0,0,0.04,0,0,0,0,0,0,1915.03,1606.07,1217.01,922.29,1228.76,0.002,0.0017,0.0013,0.001,0.0006
195,0,0,0.77,5.69,9.78,3.35,0,0.95,3.31,0,0.03,2.3,0,0,1.6,0,0,0,0.025669,0.000152,0.004331,0.23,0.1512,0,0,0,0.14,0.03,0,0,0,0,0.003642,0.000375,0,0,0,0.03,0,0,0,0,0,0,1914.99,1606.05,1216.99,922.28,1228.74,0.002,0.0017,0.0013,0.001,0.0006
196,0,0,0.79,5.76,9.91,3.39,0,0.95,3.33,0,0.03,2.32,0,0,1.61,0,0,0,0.024509,0.00015,0.004127,0.23,0.1531,0,0,0,0.14,0.03,0,0,0,0,0.003687,0.000379,0,0,0,0.03,0,0,0,0,0,0,1914.95,1606.02,1216.97,922.27,1228.72,0.002,0.0017,0.0013,0.001,0.0006
197,0,0,0.8,5.82,9.95,3.42,0,0.95,3.35,0,0.03,2.33,0,0,1.62,0,0,0,0.018648,0.00014,0.003709,0.19,0.1059,0,0,0,0.14,0.03,0,0,0,0,0.01459,0.001338,0,0,0,0.01,0,0,0,0,0,0,1914.91,1605.99,1216.95,922.25,1228.7,0.002,0.0017,0.0013,0.001,0.0006
198,0,0,0.8,5.84,9.84,3.45,0,0.95,3.37,0,0.03,2.35,0,0,1.63,0,0,0,0.007008,0.000148,0.001556,0.12,0,0,0,0,0.14,0.03,0,0,0,0,0.023938,0.003356,0,0,0,0,0,0,0,0,0,0,1914.86,1605.96,1216.93,922.24,1228.68,0.002,0.0017,0.0013,0.001,0.0006
199,0,0,0.82,5.89,9.99,3.48,0,0.95,3.39,0,0.03,2.36,0,0,1.64,0,0,0,0.014688,0.000131,0.004609,0.24,0.1552,0,0,0,0.14,0.03,0,0,0,0,0.003765,0.000397,0,0,0,0.04,0,0,0,0,0,0,1914.82,1605.93,1216.91,922.22,1228.67,0.002,0.0017,0.0013,0.001,0.0006
200,0,0,0.84,5.95,10.13,3.51,0,0.95,3.42,0,0.03,2.38,0,0,1.65,0,0,0,0.024186,0.00016,0.004171,0.24,0.1584,0,0,0,0.14,0.03,0,0,0,0,0.003792,0.000397,0,0,0,0.04,0,0,0,0,0,0,1914.78,1605.9,1216.89,922.21,1228.65,0.002,0.0017,0.0013,0.001,0.0006
201,0,0,0.86,6.01,10.26,3.55,0,0.95,3.44,0,0.03,2.39,0,0,1.66,0,0,0,0.026054,0.000163,0.003812,0.24,0.16,0,0,0,0.14,0.03,0,0,0,0,0.003831,0.000402,0,0,0,0.03,0,0,0,0,0,0,1914.74,1605.88,1216.87,922.19,1228.63,0.002,0.0017,0.0013,0.001,0.0006
202,0,0,0.88,6.08,10.39,3.58,0,0.95,3.46,0,0.03,2.41,0,0,1.67,0,0,0,0.025369,0.000157,0.003659,0.24,0.1618,0,0,0,0.14,0.03,0,0,0,0,0.003877,0.000406,0,0,0,0.03,0,0,0,0,0,0,1914.7,1605.85,1216.85,922.18,1228.61,0.002,0.0017,0.0013,0.001,0.0006
203,0,0,0.9,6.15,10.51,3.62,0,0.95,3.48,0,0.03,2.42,0,0,1.68,0,0,0,0.024967,0.000158,0.003549,0.24,0.1636,0,0,0,0.14,0.02,0,0,0,0,0.003926,0.000411,0,0,0,0.03,0,0,0,0,0,0,1914.65,1605.82,1216.83,922.16,1228.59,0.002,0.0017,0.0013,0.001,0.0006
204,0,0,0.92,6.22,10.63,3.65,0,0.95,3.51,0,0.03,2.44,0,0,1.69,0,0,0,0.025719,0.000167,0.003543,0.24,0.1654,0,0,0,0.14,0.02,0,0,0,0,0.003974,0.000415,0,0,0,0.03,0,0,0,0,0,0,1914.61,1605.79,1216.81,922.15,1228.57,0.002,0.0017,0.0013,0.001,0.0006
205,0,0,0.94,6.28,10.75,3.68,0,0.95,3.53,0,0.03,2.45,0,0,1.7,0,0,0,0.025639,0.000165,0.003449,0.24,0.1671,0,0,0,0.14,0.02,0,0,0,0,0.004022,0.00042,0,0,0,0.03,0,0,0,0,0,0,1914.57,1605.76,1216.79,922.13,1228.56,0.002,0.0017,0.0013,0.001,0.0006
206,0,0,0.96,6.35,10.86,3.72,0,0.95,3.55,0,0.03,2.47,0,0,1.71,0,0,0,0.025612,0.000166,0.003347,0.25,0.1689,0,0,0,0.14,0.02,0,0,0,0,0.00407,0.000425,0,0,0,0.03,0,0,0,0,0,0,1914.53,1605.74,1216.77,922.12,1228.54,0.002,0.0017,0.0013,0.001,0.0006
207,1.61,0,0.75,4.87,11.14,3.51,0,0.95,3.56,0,0.03,2.48,0,0,1.72,0,0,0,0.012715,0.000167,0.005107,0.11,0.0118,0,0,0,0.14,0.02,0,0,0,0,0.00311,0.000504,0,0,0,0,0,0,0,0,0,0,1914.49,1605.71,1216.75,922.11,1228.52,0.002,0.0017,0.0013,0.001,0.0006
208,1.57,0,0.75,3.5,11.2,3.33,0,0.95,3.58,0,0.03,2.5,0,0,1.73,0,0,0,0.003823,0.000119,0.001275,0.1,0.0216,0,0,0,0.14,0.02,0,0,0,0,0.006707,0.000995,0,0,0,0,0,0,0,0,0,0,1914.44,1605.68,1216.73,922.09,1228.5,0.002,0.0017,0.0013,0.001,0.0006
209,1.59,0,0.75,2.21,11.18,3.15,0,0.95,3.6,0,0.03,2.51,0,0,1.74,0,0,0,0.00049,0.00009,0.001932,0.07,0.0106,0,0,0,0.14,0.02,0,0,0,0,0.004109,0.000723,0,0,0,0,0,0,0,0,0,0,1914.4,1605.65,1216.71,922.08,1228.48,0.002,0.0017,0.0013,0.001,0.0006
210,1.61,0,0.75,1.23,11.15,2.96,0,0.95,3.61,0,0.03,2.52,0,0,1.75,0,0,0,0.010922,0.000029,0.002097,0.09,0.0262,0,0,0,0.14,0.02,0,0,0,0,0.004536,0.000651,0,0,0,0.02,0,0,0,0,0,0,1914.36,1605.62,1216.69,922.06,1228.46,0.002,0.0017,0.0013,0.001,0.0006
211,1.68,0,0.72,0.22,10.87,2.78,0,0.95,3.63,0,0.03,2.54,0,0,1.76,0,0,0,0.007125,0.000003,0.002427,0.02,0.0013,0,0,0,0.14,0.02,0,0,0,0,0.00155,0.000683,0,0,0,0,0,0,0,0,0,0,1914.32,1605.59,1216.67,922.05,1228.45,0.002,0.0017,0.0013,0.001,0.0006
212,1.76,0,0.69,0.04,10.48,1.97,0,0.75,3.64,0,0.03,2.55,0,0,1.77,0,0,0,0.000021,0.000001,0.003041,0.02,0.0001,0,0,0,0.14,0.02,0,0,0,0,0.000477,0.00015,0,0,0,0,0,0,0,0,0,0,1914.27,1605.56,1216.65,922.03,1228.43,0.002,0.0017,0.0013,0.001,0.0006
213,1.82,0,0.65,0,9.95,0.9,0,0.69,3.65,0,0.03,2.57,0,0,1.78,0,0,0,0.000001,0.000001,0.00042,0,0,0,0,0,0.14,0.02,0,0,0,0,0,0.000146,0,0,0,0,0,0,0,0,0,0,1914.23,1605.53,1216.63,922.02,1228.41,0.002,0.0017,0.0013,0.0009,0.0006
214,1.91,0,0.61,0,9.43,0.04,0,0.64,3.31,0,0.03,2.58,0,0,1.79,0,0,0,0,0.000001,0.000071,0,0,0,0,0,0.14,0.01,0,0,0,0,0,0,0,0,0,0,0,0,0,0,0,0,1914.18,1605.5,1216.61,922,1228.39,0.002,0.0017,0.0013,0.0009,0.0006
215,1.92,0,0.58,0,8.94,0.04,0,0.61,2.06,0,0.03,2.6,0,0,1.8,0,0,0,0,0.000001,0.000019,0,0,0,0,0,0.14,0.01,0,0,0,0,0,0,0,0,0,0,0,0,0,0,0,0,1914.14,1605.47,1216.59,921.99,1228.37,0.002,0.0017,0.0013,0.0009,0.0006
216,1.77,0,0.54,0,8.48,0.04,0,0.58,0.91,0,0.03,2.61,0,0,1.81,0,0,0,0,0,0.000006,0,0,0,0,0,0.13,0.01,0,0,0,0,0,0,0,0,0,0,0,0,0,0,0,0,1914.1,1605.44,1216.57,921.98,1228.35,0.002,0.0017,0.0013,0.0009,0.0006
217,1.77,0,0.51,0.09,8.11,0.04,0,0.55,0.01,0,0.03,2.34,0,0,1.82,0,0,0,0.000532,0.000001,0.000241,0.03,0.0004,0,0,0,0.14,0.01,0,0,0,0,0.001684,0,0,0,0,0,0,0,0,0,0,0,1914.05,1605.41,1216.55,921.96,1228.34,0.002,0.0017,0.0013,0.0009,0.0006
218,1.86,0,0.48,0.02,7.72,0.03,0,0.53,0.01,0,0.03,1.15,0,0,1.83,0,0,0,0.000004,0.000001,0.000344,0.01,0,0,0,0,0.14,0.01,0,0,0,0,0.000203,0,0,0,0,0,0,0,0,0,0,0,1914.01,1605.37,1216.52,921.94,1228.32,0.002,0.0017,0.0013,0.0009,0.0006
219,1.86,0,0.46,0.11,7.42,0.03,0,0.51,0.01,0,0.03,0.02,0,0,1.69,0,0,0,0.000851,0.000001,0.000439,0.04,0.0006,0,0,0,0.14,0.01,0,0,0,0,0.002392,0,0,0,0,0,0,0,0,0,0,0,1913.97,1605.34,1216.5,921.93,1228.3,0.002,0.0017,0.0013,0.0009,0.0006
220,1.8,0,0.43,0.01,7.08,0.03,0,0.49,0.01,0,0.03,0.02,0,0,0.53,0,0,0,0.000034,0.000001,0.000446,0.01,0,0,0,0,0.14,0.01,0,0,0,0,0.000072,0,0,0,0,0,0,0,0,0,0,0,1913.92,1605.31,1216.48,921.91,1228.28,0.002,0.0017,0.0013,0.0009,0.0006
221,1.04,0,0.42,0.28,6.94,0.03,0,0.47,0.01,0,0.03,0.02,0,0,0.01,0,0,0,0.0039,0,0.001703,0.11,0.0036,0,0,0,0.14,0.01,0,0,0,0,0.000856,0,0,0,0,0.01,0,0,0,0,0,0,1913.88,1605.28,1216.45,921.89,1228.26,0.002,0.0017,0.0013,0.0009,0.0006
222,0.77,0,0.41,0.28,6.81,0.03,0,0.46,0.01,0,0.03,0.02,0,0,0.01,0,0,0,0.007192,0,0.003605,0.11,0.0036,0,0,0,0.14,0.01,0,0,0,0,0.000856,0,0,0,0,0.01,0,0,0,0,0,0,1913.84,1605.24,1216.43,921.88,1228.24,0.002,0.0017,0.0013,0.0009,0.0006
223,0.76,0,0.4,0.28,6.69,0.03,0,0.45,0.01,0,0.03,0.02,0,0,0.01,0,0,0,0.00798,0,0.003928,0.11,0.0036,0,0,0,0.14,0,0,0,0,0,0.000856,0,0,0,0,0.01,0,0,0,0,0,0,1913.79,1605.21,1216.41,921.86,1228.21,0.002,0.0017,0.0013,0.0009,0.0006
224,0.75,0,0.39,0.28,6.57,0.03,0,0.45,0.01,0,0.03,0.02,0,0,0.01,0,0,0,0.008323,0,0.004068,0.11,0.0036,0,0,0,0.14,0,0,0,0,0,0.000856,0,0,0,0,0.01,0,0,0,0,0,0,1913.75,1605.18,1216.38,921.84,1228.19,0.002,0.0017,0.0013,0.0009,0.0006
225,0.74,0,0.38,0.28,6.46,0.03,0,0.44,0.01,0,0.03,0.02,0,0,0.01,0,0,0,0.008429,0,0.004089,0.11,0.0036,0,0,0,0.14,0,0,0,0,0,0.000856,0,0,0,0,0.01,0,0,0,0,0,0,1913.7,1605.15,1216.36,921.83,1228.17,0.002,0.0017,0.0013,0.0009,0.0006
226,0.73,0,0.38,0.28,6.37,0.03,0,0.43,0.01,0,0.03,0.02,0,0,0.01,0,0,0,0.008417,0,0.004057,0.11,0.0036,0,0,0,0.14,0,0,0,0,0,0.000855,0,0,0,0,0.01,0,0,0,0,0,0,1913.66,1605.11,1216.34,921.81,1228.15,0.002,0.0017,0.0013,0.0009,0.0006
227,0.72,0,0.37,0.28,6.27,0.03,0,0.43,0.01,0,0.03,0.02,0,0,0.01,0,0,0,0.008347,0,0.004009,0.11,0.0036,0,0,0,0.14,0,0,0,0,0,0.000855,0,0,0,0,0.01,0,0,0,0,0,0,1913.62,1605.08,1216.32,921.79,1228.13,0.002,0.0017,0.0013,0.0009,0.0006
228,0.71,0,0.36,0.28,6.19,0.03,0,0.42,0.01,0,0.03,0.02,0,0,0.01,0,0,0,0.008339,0,0.004005,0.11,0.0036,0,0,0,0.14,0,0,0,0,0,0.000855,0,0,0,0,0.01,0,0,0,0,0,0,1913.57,1605.05,1216.29,921.78,1228.11,0.002,0.0017,0.0013,0.0009,0.0006
229,0.71,0,0.36,0.28,6.11,0.02,0,0.42,0.01,0,0.03,0.02,0,0,0.01,0,0,0,0.008303,0,0.003987,0.11,0.0036,0,0,0,0.14,0,0,0,0,0,0.000855,0,0,0,0,0.01,0,0,0,0,0,0,1913.53,1605.02,1216.27,921.76,1228.09,0.002,0.0017,0.0013,0.0009,0.0006
230,0.7,0,0.35,0.28,6.04,0.02,0,0.41,0.01,0,0.03,0.02,0,0,0.01,0,0,0,0.008272,0,0.003976,0.11,0.0036,0,0,0,0.14,0,0,0,0,0,0.000855,0,0,0,0,0.01,0,0,0,0,0,0,1913.48,1604.98,1216.25,921.74,1228.07,0.002,0.0017,0.0013,0.0009,0.0006
231,0.69,0,0.35,0.28,5.97,0.02,0,0.41,0.01,0,0.03,0.02,0,0,0.01,0,0,0,0.008274,0,0.003986,0.11,0.0036,0,0,0,0.14,0,0,0,0,0,0.000855,0,0,0,0,0.01,0,0,0,0,0,0,1913.44,1604.95,1216.22,921.73,1228.04,0.002,0.0017,0.0013,0.0009,0.0006
232,0.69,0,0.34,0.28,5.9,0.02,0,0.4,0.01,0,0.03,0.02,0,0,0.01,0,0,0,0.00828,0,0.003994,0.11,0.0036,0,0,0,0.14,0,0,0,0,0,0.000855,0,0,0,0,0.01,0,0,0,0,0,0,1913.4,1604.92,1216.2,921.71,1228.02,0.002,0.0017,0.0013,0.0009,0.0006
233,0.68,0,0.33,0.19,5.78,0.02,0,0.4,0.01,0,0.03,0.02,0,0,0.01,0,0,0,0.0068,0.000001,0.003448,0.07,0.0019,0,0,0,0.14,0,0,0,0,0,0.003836,0,0,0,0,0.01,0,0,0,0,0,0,1913.35,1604.89,1216.18,921.69,1228,0.002,0.0017,0.0013,0.0009,0.0006
234,0.59,0,0.31,0,5.54,0.02,0,0.39,0.01,0,0.03,0.02,0,0,0.01,0,0,0,0.00227,0.000003,0.001046,0,0,0,0,0,0.14,0,0,0,0,0,0,0,0,0,0,0,0,0,0,0,0,0,1913.31,1604.85,1216.16,921.68,1227.98,0.002,0.0017,0.0013,0.0009,0.0006
235,0.38,0,0.3,0,5.33,0.02,0,0.38,0.01,0,0.03,0.02,0,0,0.01,0,0,0,0.000427,0.000002,0.000229,0,0,0,0,0,0.14,0,0,0,0,0,0,0,0,0,0,0,0,0,0,0,0,0,1913.26,1604.82,1216.13,921.66,1227.96,0.002,0.0017,0.0013,0.0009,0.0006
236,0.36,0,0.28,0,5.14,0.02,0,0.37,0.01,0,0.03,0.02,0,0,0.01,0,0,0,0.000076,0.000001,0.000043,0,0,0,0,0,0.14,0,0,0,0,0,0,0,0,0,0,0,0,0,0,0,0,0,1913.22,1604.79,1216.11,921.64,1227.94,0.002,0.0017,0.0013,0.0009,0.0006
237,0.34,0,0.27,0,4.95,0.02,0,0.35,0.01,0,0.02,0.02,0,0,0.01,0,0,0,0.000012,0.000001,0.000007,0,0,0,0,0,0.14,0,0,0,0,0,0,0,0,0,0,0,0,0,0,0,0,0,1913.17,1604.76,1216.09,921.63,1227.92,0.002,0.0017,0.0013,0.0009,0.0006
238,0.33,0,0.26,0.01,4.79,0.02,0,0.34,0.01,0,0.02,0.02,0,0,0.01,0,0,0,0,0.000001,0.00002,0.01,0,0,0,0,0.14,0,0,0,0,0,0.000046,0,0,0,0,0,0,0,0,0,0,0,1913.13,1604.73,1216.06,921.61,1227.9,0.002,0.0017,0.0013,0.0009,0.0006
239,0.32,0,0.26,0.28,4.83,0.02,0,0.33,0.01,0,0.02,0.02,0,0,0.01,0,0,0,0.004015,0,0.001682,0.11,0.0036,0,0,0,0.14,0,0,0,0,0,0.000857,0,0,0,0,0.01,0,0,0,0,0,0,1913.09,1604.69,1216.04,921.59,1227.88,0.002,0.0017,0.0013,0.0009,0.0006
240,0.59,0,0.26,0.25,4.82,0.02,0,0.33,0.01,0,0.02,0.02,0,0,0.01,0,0,0,0.006594,0,0.003427,0.09,0.0031,0,0,0,0.14,0,0,0,0,0,0.002489,0,0,0,0,0.01,0,0,0,0,0,0,1913.04,1604.66,1216.02,921.58,1227.86,0.002,0.0017,0.0013,0.0009,0.0006
241,0.56,0,0.26,0.28,4.84,0.02,0,0.33,0.01,0,0.02,0.02,0,0,0.01,0,0,0,0.006875,0,0.003267,0.11,0.0036,0,0,0,0.14,0,0,0,0,0,0.000857,0,0,0,0,0.01,0,0,0,0,0,0,1913,1604.63,1216,921.56,1227.83,0.002,0.0017,0.0013,0.0009,0.0006
242,0.59,0,0.26,0.28,4.86,0.02,0,0.34,0.01,0,0.02,0.02,0,0,0.01,0,0,0,0.00783,0,0.003846,0.11,0.0036,0,0,0,0.14,0,0,0,0,0,0.000857,0,0,0,0,0.01,0,0,0,0,0,0,1912.96,1604.6,1215.97,921.54,1227.81,0.002,0.0017,0.0013,0.0009,0.0006
243,0.59,0,0.26,0.28,4.88,0.02,0,0.34,0.01,0,0.02,0.02,0,0,0.01,0,0,0,0.008318,0,0.004055,0.11,0.0036,0,0,0,0.14,0,0,0,0,0,0.000857,0,0,0,0,0.01,0,0,0,0,0,0,1912.91,1604.56,1215.95,921.53,1227.79,0.002,0.0017,0.0013,0.0009,0.0006
244,0.6,0,0.26,0.28,4.89,0.02,0,0.34,0.01,0,0.02,0.02,0,0,0.01,0,0,0,0.008375,0,0.004034,0.11,0.0036,0,0,0,0.14,0,0,0,0,0,0.000857,0,0,0,0,0.01,0,0,0,0,0,0,1912.87,1604.53,1215.93,921.51,1227.77,0.002,0.0017,0.0013,0.0009,0.0006
245,0.6,0,0.26,0.28,4.91,0.02,0,0.34,0.01,0,0.02,0.02,0,0,0.01,0,0,0,0.00836,0,0.004014,0.11,0.0036,0,0,0,0.14,0,0,0,0,0,0.000857,0,0,0,0,0.01,0,0,0,0,0,0,1912.82,1604.5,1215.9,921.5,1227.75,0.002,0.0017,0.0013,0.0009,0.0006
246,0.6,0,0.27,0.28,4.92,0.02,0,0.34,0.01,0,0.02,0.02,0,0,0.01,0,0,0,0.008065,0,0.003892,0.11,0.0036,0,0,0,0.14,0,0,0,0,0,0.000857,0,0,0,0,0.01,0,0,0,0,0,0,1912.78,1604.47,1215.88,921.48,1227.73,0.002,0.0017,0.0013,0.0009,0.0006
247,0.6,0,0.27,0.28,4.93,0.02,0,0.34,0.01,0,0.02,0.02,0,0,0.01,0,0,0,0.008014,0,0.003932,0.11,0.0036,0,0,0,0.14,0,0,0,0,0,0.000856,0,0,0,0,0.01,0,0,0,0,0,0,1912.74,1604.43,1215.86,921.46,1227.71,0.002,0.0017,0.0013,0.0009,0.0006
248,0.6,0,0.27,0.28,4.95,0.02,0,0.34,0.01,0,0.02,0.02,0,0,0.01,0,0,0,0.008235,0,0.00402,0.11,0.0036,0,0,0,0.14,0,0,0,0,0,0.000856,0,0,0,0,0.01,0,0,0,0,0,0,1912.69,1604.4,1215.83,921.45,1227.69,0.002,0.0017,0.0013,0.0009,0.0006
249,0.6,0,0.26,0.14,4.85,0.02,0,0.34,0.01,0,0.02,0.02,0,0,0.01,0,0,0,0.005875,0.000001,0.002946,0.05,0.0009,0,0,0,0.14,0,0,0,0,0,0.003185,0,0,0,0,0,0,0,0,0,0,0,1912.65,1604.37,1215.81,921.43,1227.67,0.002,0.0017,0.0013,0.0009,0.0006
250,0.45,0,0.25,0,4.68,0.02,0,0.34,0.01,0,0.02,0.02,0,0,0.01,0,0,0,0.001662,0.000002,0.000718,0,0,0,0,0,0.14,0,0,0,0,0,0,0,0,0,0,0,0,0,0,0,0,0,1912.6,1604.34,1215.79,921.41,1227.64,0.002,0.0017,0.0013,0.0009,0.0006
251,0.3,0,0.24,0,4.53,0.02,0,0.33,0.01,0,0.02,0.02,0,0,0.01,0,0,0,0.000327,0.000002,0.000179,0,0,0,0,0,0.14,0,0,0,0,0,0,0,0,0,0,0,0,0,0,0,0,0,1912.56,1604.31,1215.77,921.4,1227.62,0.002,0.0017,0.0013,0.0009,0.0006
252,0.29,0,0.22,0,4.4,0.02,0,0.32,0.01,0,0.02,0.02,0,0,0.01,0,0,0,0.000059,0.000001,0.000035,0,0,0,0,0,0.14,0,0,0,0,0,0,0,0,0,0,0,0,0,0,0,0,0,1912.52,1604.27,1215.74,921.38,1227.6,0.002,0.0017,0.0013,0.0009,0.0006
253,0.28,0,0.22,0,4.27,0.02,0,0.31,0.01,0,0.02,0.02,0,0,0.01,0,0,0,0.00001,0.000001,0.000007,0,0,0,0,0,0.14,0,0,0,0,0,0,0,0,0,0,0,0,0,0,0,0,0,1912.47,1604.24,1215.72,921.36,1227.58,0.002,0.0017,0.0013,0.0009,0.0006
254,0.27,0,0.21,0,4.15,0.02,0,0.3,0.01,0,0.02,0.01,0,0,0.01,0,0,0,0.000002,0.000001,0.000001,0,0,0,0,0,0.13,0,0,0,0,0,0,0,0,0,0,0,0,0,0,0,0,0,1912.43,1604.21,1215.7,921.35,1227.56,0.002,0.0017,0.0013,0.0009,0.0006
255,0.26,0,0.21,0.19,4.16,0.02,0,0.29,0.01,0,0.02,0.02,0,0,0.01,0,0,0,0.002009,0.000001,0.001075,0.07,0.0019,0,0,0,0.14,0,0,0,0,0,0.003902,0,0,0,0,0.01,0,0,0,0,0,0,1912.38,1604.18,1215.68,921.33,1227.54,0.002,0.0017,0.0013,0.0009,0.0006
256,0.45,0,0.2,0.14,4.12,0.02,0,0.29,0.01,0,0.02,0.02,0,0,0.01,0,0,0,0.002157,0.000001,0.001132,0.05,0.0009,0,0,0,0.14,0,0,0,0,0,0.003045,0,0,0,0,0,0,0,0,0,0,0,1912.34,1604.14,1215.65,921.31,1227.52,0.002,0.0017,0.0013,0.0009,0.0006
257,0.39,0,0.2,0,4.01,0.02,0,0.29,0.01,0,0.02,0.02,0,0,0.01,0,0,0,0.000712,0.000002,0.000357,0,0,0,0,0,0.14,0,0,0,0,0,0,0,0,0,0,0,0,0,0,0,0,0,1912.3,1604.11,1215.63,921.3,1227.5,0.002,0.0017,0.0013,0.0009,0.0006
258,0.25,0,0.19,0,3.91,0.01,0,0.29,0.01,0,0.02,0.02,0,0,0.01,0,0,0,0.000147,0.000002,0.000093,0,0,0,0,0,0.14,0,0,0,0,0,0,0,0,0,0,0,0,0,0,0,0,0,1912.25,1604.08,1215.61,921.28,1227.48,0.002,0.0017,0.0013,0.0009,0.0006
259,0.24,0,0.18,0.07,3.86,0.01,0,0.28,0.01,0,0.02,0.02,0,0,0.01,0,0,0,0.000358,0,0.000178,0.03,0.0003,0,0,0,0.14,0,0,0,0,0,0.001303,0,0,0,0,0,0,0,0,0,0,0,1912.21,1604.05,1215.58,921.27,1227.46,0.002,0.0017,0.0013,0.0009,0.0006
260,0.31,0,0.19,0.2,3.9,0.01,0,0.28,0.01,0,0.02,0.02,0,0,0.01,0,0,0,0.002356,0.000001,0.001199,0.07,0.002,0,0,0,0.14,0,0,0,0,0,0.003657,0,0,0,0,0.01,0,0,0,0,0,0,1912.16,1604.01,1215.56,921.25,1227.44,0.002,0.0017,0.0013,0.0009,0.0006
261,0.44,0,0.19,0.28,3.99,0.01,0,0.28,0.01,0,0.02,0.02,0,0,0.01,0,0,0,0.004172,0,0.001939,0.11,0.0036,0,0,0,0.14,0,0,0,0,0,0.000859,0,0,0,0,0.01,0,0,0,0,0,0,1912.12,1603.98,1215.54,921.23,1227.42,0.002,0.0017,0.0013,0.0009,0.0006
262,0.52,0,0.2,0.28,4.07,0.01,0,0.28,0.01,0,0.02,0.02,0,0,0.01,0,0,0,0.006047,0,0.00312,0.11,0.0036,0,0,0,0.14,0,0,0,0,0,0.000859,0,0,0,0,0.01,0,0,0,0,0,0,1912.08,1603.95,1215.52,921.22,1227.39,0.002,0.0017,0.0013,0.0009,0.0006
263,0.53,0,0.2,0.12,4.03,0.01,0,0.29,0.01,0,0.02,0.02,0,0,0.01,0,0,0,0.004608,0.000001,0.002533,0.05,0.0008,0,0,0,0.14,0,0,0,0,0,0.00282,0,0,0,0,0,0,0,0,0,0,0,1912.03,1603.92,1215.49,921.2,1227.37,0.002,0.0017,0.0013,0.0009,0.0006
264,0.37,0,0.19,0,3.92,0.01,0,0.29,0.01,0,0.02,0.02,0,0,0.01,0,0,0,0.001387,0.000002,0.000717,0,0,0,0,0,0.14,0,0,0,0,0,0,0,0,0,0,0,0,0,0,0,0,0,1911.99,1603.89,1215.47,921.18,1227.35,0.002,0.0017,0.0013,0.0009,0.0006
265,0.24,0,0.18,0,3.83,0.01,0,0.28,0.01,0,0.02,0.02,0,0,0.01,0,0,0,0.000289,0.000001,0.000188,0,0,0,0,0,0.14,0,0,0,0,0,0,0,0,0,0,0,0,0,0,0,0,0,1911.95,1603.85,1215.45,921.17,1227.33,0.002,0.0017,0.0013,0.0009,0.0006
266,0.23,0,0.17,0,3.74,0.01,0,0.28,0.01,0,0.02,0.02,0,0,0.01,0,0,0,0.00006,0.000001,0.000045,0,0,0,0,0,0.14,0,0,0,0,0,0,0,0,0,0,0,0,0,0,0,0,0,1911.9,1603.82,1215.42,921.15,1227.31,0.002,0.0017,0.0013,0.0009,0.0006
267,0.23,0,0.17,0,3.66,0.01,0,0.27,0.01,0,0.02,0.01,0,0,0.01,0,0,0,0.000012,0.000001,0.00001,0,0,0,0,0,0.13,0,0,0,0,0,0,0,0,0,0,0,0,0,0,0,0,0,1911.86,1603.79,1215.4,921.13,1227.29,0.002,0.0017,0.0013,0.0009,0.0006
268,0.22,0,0.16,0,3.58,0.01,0,0.26,0.01,0,0.02,0.01,0,0,0.01,0,0,0,0.000002,0.000001,0.000002,0,0,0,0,0,0.13,0,0,0,0,0,0,0,0,0,0,0,0,0,0,0,0,0,1911.81,1603.76,1215.38,921.12,1227.28,0.002,0.0017,0.0013,0.0009,0.0006
269,0.21,0,0.16,0,3.51,0.01,0,0.26,0.01,0,0.02,0.01,0,0,0.01,0,0,0,0,0,0,0,0,0,0,0,0.13,0,0,0,0,0,0,0,0,0,0,0,0,0,0,0,0,0,1911.77,1603.72,1215.36,921.11,1227.26,0.002,0.0017,0.0013,0.0009,0.0006
270,0.2,0,0.15,0.02,3.46,0.01,0,0.26,0.01,0,0.02,0.01,0,0,0.01,0,0,0,0,0,0.00005,0.01,0,0,0,0,0.13,0,0,0,0,0,0.000171,0,0,0,0,0,0,0,0,0,0,0,1911.72,1603.69,1215.33,921.09,1227.24,0.002,0.0017,0.0013,0.0009,0.0006
271,0.22,0,0.15,0.04,3.42,0.01,0,0.25,0.01,0,0.02,0.02,0,0,0.01,0,0,0,0,0,0.000161,0.02,0.0001,0,0,0,0.14,0,0,0,0,0,0.000435,0,0,0,0,0,0,0,0,0,0,0,1911.68,1603.66,1215.31,921.07,1227.22,0.002,0.0017,0.0013,0.0009,0.0006
272,0.24,0,0.15,0,3.36,0.01,0,0.25,0.01,0,0.02,0.02,0,0,0.01,0,0,0,0,0,0.000033,0,0,0,0,0,0.14,0,0,0,0,0,0,0,0,0,0,0,0,0,0,0,0,0,1911.64,1603.63,1215.29,921.06,1227.2,0.002,0.0017,0.0013,0.0009,0.0006
273,0.2,0,0.14,0,3.31,0.01,0,0.25,0.01,0,0.02,0.02,0,0,0.01,0,0,0,0,0,0.000005,0,0,0,0,0,0.14,0,0,0,0,0,0,0,0,0,0,0,0,0,0,0,0,0,1911.59,1603.6,1215.27,921.04,1227.18,0.002,0.0017,0.0013,0.0009,0.0006
274,1.8,0,6.31,202.8,9.42,0.01,0,0.25,232.29,115.46,0.03,0.03,0,0,0.02,0,0,0,0.024258,0.11328,0.001643,6.14,0,0,0,0,1.28,0.28,0,0,0,0,203.454788,0.000862,0.01,0,0,0.01,0,0,0,0,0,0,1911.55,1603.57,1782.77,921.03,1227.16,0.002,0.0017,0.0018,0.0009,0.0006
275,1.96,0,1.2,201.17,11.94,0.04,0,0.59,233.65,115.5,0.03,0.04,0,0,0.03,0,0,0,0.012439,0.132522,0.001511,1.97,0,0,0,0,1.26,0.27,0,0,0,0,0.270754,0.000019,0.04,0,0,0,0,0,0,0,0,0,1911.51,1603.54,1781.36,921.01,1227.15,0.002,0.0017,0.0018,0.0009,0.0006
276,2.18,0,0.8,199.04,11.86,0.05,0,0.78,234.98,115.53,0.03,0.06,0,0,0.04,0,0,0,0.002965,0.103624,0.000377,0.31,0,0,0,0,1.23,0.27,0,0,0,0,0.041979,0.000061,0.04,0,0,0,0,0,0,0,0,0,1911.47,1603.52,1779.99,921,1227.13,0.002,0.0017,0.0018,0.0009,0.0006
277,1.76,0,0.84,191.62,12.43,0.05,0,0.8,238.03,111.44,0.03,0.07,0,0,0.05,0,0,0,0.230812,0.02153,0.003433,0.44,7.3456,0,0,0,1.25,0.27,0,0,0,0,0.00598,0.000013,0.01,0,0,0.11,0,0.24,0,0,0,0,1911.43,1603.49,1778.61,920.99,1227.11,0.002,0.0017,0.0018,0.0009,0.0006
278,1.29,0,0.88,184.99,12.91,0.06,0,0.83,241.16,106.97,0.03,0.08,0,0,0.06,0,0,0,0.287742,0.003762,0.007004,0.34,7.5419,0,0,0,1.24,0.27,0,0,0,0,0.005569,0.000012,0.01,0,0,0.08,0,0.23,0,0,0,0,1911.39,1603.46,1777.24,920.97,1227.1,0.002,0.0017,0.0018,0.0009,0.0006
279,1.27,0,0.87,183.11,12.81,0.06,0,0.86,242.53,106.52,0.03,0.1,0,0,0.07,0,0,0,0.132819,0.002478,0.081843,0.17,1.0687,0,0,0,1.23,0.26,0,0,0,0,0.006361,0.00002,0.01,0,0,0,0,0,0,0,0,0,1911.35,1603.43,1775.89,920.96,1227.08,0.002,0.0017,0.0018,0.0009,0.0006
280,1.52,0,0.87,181.63,12.71,0.06,0,0.86,243.82,106.57,0.03,0.11,0,0,0.08,0,0,0,0.049351,0.002073,0.023079,0.15,0,0,0,0,1.22,0.26,0,0,0,0,0.031865,0.000122,0.05,0,0,0,0,0,0,0,0,0,1911.3,1603.41,1774.54,920.94,1227.06,0.002,0.0017,0.0018,0.0009,0.0006
281,1.52,0,0.86,180.14,12.61,0.06,0,0.86,245.11,106.61,0.03,0.13,0,0,0.09,0,0,0,0.017775,0.001686,0.006142,0.15,0,0,0,0,1.21,0.26,0,0,0,0,0.030309,0.000117,0.05,0,0,0,0,0,0,0,0,0,1911.26,1603.38,1773.21,920.93,1227.04,0.002,0.0017,0.0018,0.0009,0.0006
282,1.58,0,0.85,178.59,12.52,0.06,0,0.85,246.38,106.66,0.03,0.14,0,0,0.1,0,0,0,0.006403,0.001379,0.001673,0.15,0,0,0,0,1.2,0.25,0,0,0,0,0.028767,0.000111,0.04,0,0,0,0,0,0,0,0,0,1911.22,1603.35,1771.89,920.92,1227.02,0.002,0.0017,0.0018,0.0009,0.0006
283,1.51,0,0.84,177.12,12.43,0.06,0,0.84,247.65,106.69,0.03,0.16,0,0,0.11,0,0,0,0.002296,0.00111,0.000521,0.15,0,0,0,0,1.19,0.25,0,0,0,0,0.027326,0.000106,0.04,0,0,0,0,0,0,0,0,0,1911.18,1603.33,1770.59,920.9,1227.01,0.002,0.0017,0.0018,0.0009,0.0006
284,1.46,0,0.84,175.69,12.34,0.06,0,0.84,248.9,106.73,0.03,0.17,0,0,0.11,0,0,0,0.000828,0.000899,0.000233,0.15,0,0,0,0,1.17,0.25,0,0,0,0,0.025942,0.0001,0.04,0,0,0,0,0,0,0,0,0,1911.14,1603.3,1769.29,920.89,1226.99,0.002,0.0017,0.0018,0.0009,0.0006
285,1.52,0,0.83,174.2,12.25,0.06,0,0.83,250.14,106.77,0.03,0.18,0,0,0.12,0,0,0,0.000307,0.000742,0.000163,0.15,0,0,0,0,1.16,0.24,0,0,0,0,0.024517,0.000095,0.04,0,0,0,0,0,0,0,0,0,1911.11,1603.28,1768.01,920.88,1226.98,0.002,0.0017,0.0018,0.0009,0.0006
286,1.66,0,0.82,172.56,12.16,0.06,0,0.82,251.38,106.8,0.03,0.19,0,0,0.13,0,0,0,0.000122,0.000621,0.000149,0.15,0,0,0,0,1.15,0.24,0,0,0,0,0.022984,0.000089,0.04,0,0,0,0,0,0,0,0,0,1911.07,1603.26,1766.74,920.87,1226.97,0.002,0.0017,0.0018,0.0009,0.0006
287,1.48,0,0.82,171.11,12.07,0.06,0,0.81,252.6,106.83,0.03,0.2,0,0,0.14,0,0,0,0.000055,0.000503,0.000143,0.15,0,0,0,0,1.13,0.24,0,0,0,0,0.02165,0.000083,0.03,0,0,0,0,0,0,0,0,0,1911.04,1603.23,1765.48,920.86,1226.95,0.002,0.0017,0.0018,0.0009,0.0006
288,1.59,0,0.81,169.55,11.98,0.06,0,0.81,253.81,106.86,0.03,0.21,0,0,0.14,0,0,0,0.00003,0.000426,0.000143,0.14,0,0,0,0,1.12,0.23,0,0,0,0,0.020219,0.000078,0.03,0,0,0,0,0,0,0,0,0,1911.01,1603.21,1764.23,920.85,1226.94,0.002,0.0017,0.0018,0.0009,0.0006
289,1.22,0,0.81,167.34,11.97,0.06,0,0.81,255.12,106.48,0.03,0.23,0,0,0.15,0,0,0,0.003691,0.000313,0.000393,0.17,1.3303,0,0,0,1.14,0.23,0,0,0,0,0.010341,0.000032,0.01,0,0,0.01,0,0.01,0,0,0,0,1910.97,1603.19,1762.99,920.83,1226.93,0.002,0.0017,0.0018,0.0009,0.0006
290,1.01,0,0.81,165.3,11.97,0.06,0,0.81,256.42,105.77,0.03,0.24,0,0,0.16,0,0,0,0.004881,0.000279,0.00029,0.17,1.7029,0,0,0,1.13,0.23,0,0,0,0,0.010691,0.000033,0.01,0,0,0.01,0,0.01,0,0,0,0,1910.93,1603.16,1761.77,920.82,1226.91,0.002,0.0017,0.0018,0.0009,0.0006
291,1.1,0,0.8,164.22,11.88,0.06,0,0.81,257.59,105.82,0.03,0.25,0,0,0.17,0,0,0,0.002238,0.000255,0.000138,0.14,0,0,0,0,1.12,0.23,0,0,0,0,0.029643,0.000113,0.05,0,0,0,0,0,0,0,0,0,1910.89,1603.13,1760.55,920.81,1226.89,0.002,0.0017,0.0018,0.0009,0.0006
292,1.1,0,0.79,163.15,11.8,0.06,0,0.8,258.74,105.86,0.03,0.27,0,0,0.18,0,0,0,0.000881,0.000248,0.000122,0.14,0,0,0,0,1.11,0.23,0,0,0,0,0.028342,0.000109,0.05,0,0,0,0,0,0,0,0,0,1910.85,1603.11,1759.34,920.79,1226.88,0.002,0.0017,0.0018,0.0009,0.0006
293,1.13,0,0.79,162.05,11.71,0.05,0,0.8,259.89,105.91,0.03,0.28,0,0,0.19,0,0,0,0.000366,0.00024,0.000116,0.14,0,0,0,0,1.1,0.22,0,0,0,0,0.027138,0.000104,0.04,0,0,0,0,0,0,0,0,0,1910.81,1603.09,1758.15,920.78,1226.86,0.002,0.0017,0.0018,0.0009,0.0006
294,1.29,0,0.78,160.78,11.64,0.05,0,0.79,261.03,105.95,0.03,0.29,0,0,0.19,0,0,0,0.000167,0.000235,0.000116,0.14,0,0,0,0,1.09,0.22,0,0,0,0,0.025891,0.000099,0.04,0,0,0,0,0,0,0,0,0,1910.77,1603.06,1756.96,920.77,1226.85,0.002,0.0017,0.0018,0.0009,0.0006
295,1.09,0,0.78,158.64,11.64,0.05,0,0.79,262.28,105.34,0.03,0.3,0,0,0.2,0,0,0,0.003819,0.000226,0.000324,0.17,1.5962,0,0,0,1.09,0.22,0,0,0,0,0.011057,0.000033,0.01,0,0,0.01,0,0.01,0,0,0,0,1910.73,1603.03,1755.78,920.75,1226.83,0.002,0.0017,0.0018,0.0009,0.0006
296,0.95,0,0.78,157.72,11.56,0.05,0,0.78,263.39,105.39,0.03,0.32,0,0,0.21,0,0,0,0.001798,0.000214,0.000142,0.14,0,0,0,0,1.08,0.22,0,0,0,0,0.028911,0.00011,0.05,0,0,0,0,0,0,0,0,0,1910.69,1603.01,1754.62,920.74,1226.81,0.002,0.0017,0.0018,0.0009,0.0006
297,0.68,0,0.77,157.06,11.47,0.05,0,0.77,264.5,105.43,0.03,0.33,0,0,0.22,0,0,0,0.00069,0.000207,0.000108,0.14,0,0,0,0,1.05,0.21,0,0,0,0,0.027705,0.000106,0.05,0,0,0,0,0,0,0,0,0,1910.66,1602.99,1753.47,920.73,1226.8,0.002,0.0017,0.0018,0.0009,0.0006
298,0.71,0,0.76,156.39,11.38,0.05,0,0.77,265.59,105.47,0.03,0.34,0,0,0.23,0,0,0,0.000291,0.000198,0.000098,0.13,0,0,0,0,1.04,0.21,0,0,0,0,0.026417,0.000101,0.05,0,0,0,0,0,0,0,0,0,1910.63,1602.97,1752.32,920.72,1226.79,0.002,0.0017,0.0018,0.0009,0.0006
299,0.93,0,0.76,155.48,11.3,0.05,0,0.76,266.68,105.51,0.03,0.35,0,0,0.23,0,0,0,0.000137,0.000191,0.000097,0.13,0,0,0,0,1.03,0.21,0,0,0,0,0.025127,0.000096,0.04,0,0,0,0,0,0,0,0,0,1910.6,1602.95,1751.19,920.71,1226.77,0.002,0.0017,0.0018,0.0009,0.0006
300,1.1,0,0.75,154.4,11.22,0.05,0,0.76,267.76,105.55,0.03,0.36,0,0,0.24,0,0,0,0.000076,0.000188,0.0001,0.13,0,0,0,0,1.03,0.2,0,0,0,0,0.023967,0.000091,0.04,0,0,0,0,0,0,0,0,0,1910.56,1602.93,1750.07,920.7,1226.76,0.002,0.0017,0.0018,0.0009,0.0006
301,1.09,0,0.74,153.34,11.13,0.05,0,0.75,268.83,105.59,0.03,0.37,0,0,0.25,0,0,0,0.00005,0.000183,0.000102,0.13,0,0,0,0,1.02,0.2,0,0,0,0,0.022951,0.000088,0.04,0,0,0,0,0,0,0,0,0,1910.53,1602.91,1748.95,920.69,1226.75,0.002,0.0017,0.0018,0.0009,0.0006
302,0,0,0.74,153.09,11.05,0.05,0,0.77,269.93,105.59,0.03,0.38,0,0,0.25,0,0,0,0.00003,0.000155,0.000103,0.14,0.2432,0,0,0,1.04,0.31,0,0,0,0,0.002976,0.000011,0.01,0,0,0,0,0,0,0,0,11.76,1917.96,1606.82,1748.24,920.68,1226.74,0.002,0.0017,0.0018,0.0009,0.0006
303,0,0,0.73,153.1,10.94,0.06,0,0.78,270.99,105.64,0.03,0.39,0,0,0.26,0,0,0,0.000029,0.000148,0.000077,0.13,0,0,0,0,1.03,0.3,0,0,0,0,0.026397,0.000103,0.05,0,0,0,0,0,0,0,0,0,1917.94,1606.8,1747.14,920.67,1226.72,0.002,0.0017,0.0018,0.0009,0.0006
304,0,0,0.72,153.11,10.83,0.06,0,0.79,272.04,105.68,0.03,0.4,0,0,0.27,0,0,0,0.000037,0.000158,0.000098,0.13,0,0,0,0,1.02,0.29,0,0,0,0,0.024467,0.000099,0.04,0,0,0,0,0,0,0,0,0,1917.92,1606.79,1746.06,920.66,1226.71,0.002,0.0017,0.0018,0.0009,0.0006
305,0,0,0.71,153.12,10.72,0.07,0,0.8,273.08,105.72,0.03,0.41,0,0,0.28,0,0,0,0.000039,0.000163,0.000103,0.12,0,0,0,0,1.01,0.28,0,0,0,0,0.022823,0.000095,0.04,0,0,0,0,0,0,0,0,0,1917.9,1606.78,1744.98,920.65,1226.7,0.002,0.0017,0.0018,0.0009,0.0006
306,0,0,0.7,153.13,10.62,0.08,0,0.81,274.11,105.76,0.03,0.42,0,0,0.28,0,0,0,0.000038,0.000166,0.000105,0.12,0,0,0,0,1,0.28,0,0,0,0,0.021399,0.000093,0.04,0,0,0,0,0,0,0,0,0,1917.89,1606.76,1743.91,920.64,1226.68,0.002,0.0017,0.0018,0.0009,0.0006
307,0,0,0.7,153.14,10.52,0.08,0,0.82,275.14,105.79,0.03,0.43,0,0,0.29,0,0,0,0.000037,0.000164,0.000105,0.12,0,0,0,0,0.99,0.27,0,0,0,0,0.020162,0.000091,0.04,0,0,0,0,0,0,0,0,0,1917.87,1606.75,1742.85,920.63,1226.67,0.002,0.0017,0.0018,0.0009,0.0006
308,0,0,0.69,153.14,10.41,0.09,0,0.82,276.15,105.83,0.03,0.44,0,0,0.3,0,0,0,0.000032,0.000154,0.000095,0.11,0,0,0,0,0.96,0.25,0,0,0,0,0.019108,0.00009,0.04,0,0,0,0,0,0,0,0,0,1917.86,1606.74,1741.8,920.62,1226.66,0.002,0.0017,0.0018,0.0009,0.0006
309,0,0,0.68,153.15,10.31,0.1,0,0.83,277.16,105.86,0.03,0.45,0,0,0.3,0,0,0,0.000029,0.000147,0.000094,0.11,0,0,0,0,0.95,0.25,0,0,0,0,0.018182,0.00009,0.04,0,0,0,0,0,0,0,0,0,1917.85,1606.73,1740.76,920.61,1226.65,0.002,0.0017,0.0018,0.0009,0.0006
310,0,0,0.67,153.16,10.22,0.11,0,0.83,278.16,105.9,0.03,0.46,0,0,0.31,0,0,0,0.000028,0.000145,0.000098,0.11,0,0,0,0,0.95,0.25,0,0,0,0,0.017308,0.00009,0.03,0,0,0,0,0,0,0,0,0,1917.84,1606.72,1739.73,920.6,1226.63,0.002,0.0017,0.0018,0.0009,0.0006
311,0,0,0.67,153.16,10.13,0.12,0,0.83,279.16,105.93,0.03,0.47,0,0,0.32,0,0,0,0.000028,0.000141,0.000102,0.11,0,0,0,0,0.95,0.25,0,0,0,0,0.01649,0.000089,0.03,0,0,0,0,0,0,0,0,0,1917.83,1606.71,1738.7,920.59,1226.62,0.002,0.0017,0.0018,0.0009,0.0006
312,0,0,0.66,153.17,10.04,0.12,0,0.84,280.15,105.96,0.03,0.48,0,0,0.32,0,0,0,0.000028,0.000136,0.000105,0.1,0,0,0,0,0.94,0.24,0,0,0,0,0.015749,0.000089,0.03,0,0,0,0,0,0,0,0,0,1917.81,1606.71,1737.69,920.58,1226.61,0.002,0.0017,0.0018,0.0009,0.0006
313,0,0,0.65,153.17,9.95,0.13,0,0.84,281.13,105.99,0.03,0.49,0,0,0.33,0,0,0,0.000027,0.00013,0.000103,0.1,0,0,0,0,0.93,0.23,0,0,0,0,0.015082,0.000089,0.03,0,0,0,0,0,0,0,0,0,1917.8,1606.7,1736.68,920.57,1226.6,0.002,0.0017,0.0018,0.0009,0.0006
314,0,0,0.65,153.18,9.86,0.14,0,0.84,282.1,106.02,0.03,0.5,0,0,0.34,0,0,0,0.000026,0.000124,0.000101,0.1,0,0,0,0,0.92,0.23,0,0,0,0,0.014479,0.00009,0.03,0,0,0,0,0,0,0,0,0,1917.79,1606.69,1735.68,920.56,1226.59,0.002,0.0017,0.0018,0.0009,0.0006
315,0,0,0.64,153.19,9.77,0.15,0,0.84,283.06,106.05,0.03,0.51,0,0,0.34,0,0,0,0.000025,0.000118,0.000102,0.1,0,0,0,0,0.91,0.22,0,0,0,0,0.013922,0.00009,0.03,0,0,0,0,0,0,0,0,0,1917.78,1606.68,1734.69,920.55,1226.57,0.002,0.0017,0.0018,0.0009,0.0006
316,0,0,0.63,153.19,9.69,0.15,0,0.85,284.02,106.08,0.03,0.52,0,0,0.35,0,0,0,0.000024,0.000114,0.000103,0.09,0,0,0,0,0.9,0.22,0,0,0,0,0.013402,0.000089,0.03,0,0,0,0,0,0,0,0,0,1917.77,1606.67,1733.71,920.54,1226.56,0.002,0.0017,0.0018,0.0009,0.0006
317,0,0,0.63,153.19,9.6,0.16,0,0.85,284.97,106.11,0.03,0.53,0,0,0.36,0,0,0,0.000024,0.00011,0.000105,0.09,0,0,0,0,0.9,0.22,0,0,0,0,0.012913,0.000089,0.03,0,0,0,0,0,0,0,0,0,1917.77,1606.67,1732.73,920.53,1226.55,0.002,0.0017,0.0018,0.0009,0.0006
318,0,0,0.62,153.2,9.53,0.17,0,0.85,285.91,106.13,0.03,0.54,0,0,0.36,0,0,0,0.000023,0.000107,0.000107,0.09,0,0,0,0,0.89,0.22,0,0,0,0,0.012453,0.000089,0.03,0,0,0,0,0,0,0,0,0,1917.76,1606.66,1731.76,920.52,1226.54,0.002,0.0017,0.0018,0.0009,0.0006
319,0,0,0.61,153.2,9.45,0.17,0,0.85,286.85,106.16,0.03,0.55,0,0,0.37,0,0,0,0.000023,0.000105,0.00011,0.09,0,0,0,0,0.88,0.21,0,0,0,0,0.012016,0.000089,0.03,0,0,0,0,0,0,0,0,0,1917.75,1606.65,1730.8,920.51,1226.52,0.002,0.0017,0.0018,0.0009,0.0006
320,0,0,0.61,153.21,9.37,0.18,0,0.86,287.78,106.19,0.03,0.56,0,0,0.38,0,0,0,0.000023,0.000103,0.000113,0.09,0,0,0,0,0.88,0.21,0,0,0,0,0.011601,0.000089,0.03,0,0,0,0,0,0,0,0,0,1917.74,1606.65,1729.85,920.5,1226.51,0.002,0.0017,0.0018,0.0009,0.0006
321,0,0,0.6,153.21,9.3,0.19,0,0.86,288.7,106.21,0.03,0.57,0,0,0.38,0,0,0,0.000024,0.000102,0.000118,0.09,0,0,0,0,0.88,0.21,0,0,0,0,0.011206,0.000089,0.03,0,0,0,0,0,0,0,0,0,1917.72,1606.64,1728.91,920.49,1226.5,0.002,0.0017,0.0018,0.0009,0.0006
322,0,0,0.6,153.21,9.24,0.19,0,0.86,289.62,106.24,0.03,0.58,0,0,0.39,0,0,0,0.000024,0.000104,0.000125,0.08,0,0,0,0,0.87,0.21,0,0,0,0,0.010822,0.000089,0.03,0,0,0,0,0,0,0,0,0,1917.71,1606.63,1727.97,920.48,1226.49,0.002,0.0017,0.0018,0.0009,0.0006
323,0,0,0.63,150.23,9.63,0.21,0,0.87,291.19,104.23,0.03,0.59,0,0,0.4,0,0,0,0.060394,0.000623,0.000927,0.24,3.9602,0,0,0,0.92,0.26,0,0,0,0,0.019781,0.000066,0.01,0,0,0.07,0,0.07,0,0,0,0,1917.69,1606.61,1727.03,920.47,1226.47,0.002,0.0017,0.0018,0.0009,0.0006
324,0,0,0.63,149.89,9.59,0.22,0,0.88,292.12,104.02,0.03,0.61,0,0,0.41,0,0,0,0.035685,0.000699,0.006813,0.1,0.5514,0,0,0,0.92,0.26,0,0,0,0,0.00297,0.000023,0.01,0,0,0,0,0,0,0,0,0,1917.66,1606.59,1726.1,920.46,1226.46,0.002,0.0017,0.0018,0.0009,0.0006
325,0,0,0.62,149.76,9.54,0.23,0,0.88,293.05,103.99,0.03,0.62,0,0,0.42,0,0,0,0.011952,0.000522,0.001519,0.09,0.1462,0,0,0,0.89,0.24,0,0,0,0,0.00109,0.000009,0,0,0,0,0,0,0,0,0,0,1917.65,1606.58,1725.18,920.45,1226.44,0.002,0.0017,0.0018,0.0009,0.0006
326,0,0,0.62,149.76,9.47,0.25,0,0.89,293.92,104.03,0.03,0.63,0,0,0.42,0,0,0,0.00441,0.000427,0.000452,0.08,0,0,0,0,0.88,0.24,0,0,0,0,0.020011,0.000186,0.05,0,0,0,0,0,0,0,0,0,1917.63,1606.57,1724.27,920.44,1226.43,0.002,0.0017,0.0018,0.0009,0.0006
327,0,0,0.61,149.29,9.44,0.26,0,0.89,294.83,103.77,0.03,0.64,0,0,0.43,0,0,0,0.001276,0.000345,0.000829,0.09,0.7306,0,0,0,0.87,0.23,0,0,0,0,0.004148,0.000035,0.01,0,0,0,0,0,0,0,0,0,1917.62,1606.56,1723.37,920.42,1226.42,0.002,0.0017,0.0018,0.0009,0.0006
328,0,0,0.61,149.05,9.39,0.27,0,0.89,295.73,103.64,0.03,0.65,0,0,0.44,0,0,0,0.000462,0.000274,0.000316,0.09,0.3604,0,0,0,0.86,0.22,0,0,0,0,0.001993,0.000018,0,0,0,0,0,0,0,0,0,0,1917.61,1606.55,1722.47,920.41,1226.4,0.002,0.0017,0.0018,0.0009,0.0006
329,0,0,0.61,148.62,9.36,0.28,0,0.9,296.63,103.37,0.03,0.66,0,0,0.45,0,0,0,0.000208,0.000215,0.000229,0.09,0.7041,0,0,0,0.85,0.22,0,0,0,0,0.003659,0.000033,0.01,0,0,0,0,0,0,0,0,0,1917.6,1606.54,1721.58,920.4,1226.39,0.002,0.0017,0.0018,0.0009,0.0006
330,0,0,0.68,143.83,10.31,0.29,0,0.9,299.16,99.23,0.03,0.67,0,0,0.45,0,0,0,0.082894,0.000763,0.000939,0.37,6.2543,0,0,0,0.86,0.24,0,0,0,0,0.005514,0.000023,0.01,0,0,0.11,0,0.16,0,0,0,0,1917.59,1606.52,1720.7,920.39,1226.37,0.002,0.0017,0.0018,0.0009,0.0006
331,0,0,0.73,139.58,10.95,0.3,0,0.9,301.49,95.29,0.03,0.69,0,0,0.46,0,0,0,0.162216,0.00104,0.002601,0.26,6.1574,0,0,0,0.85,0.23,0,0,0,0,0.008298,0.000035,0.01,0,0,0.07,0,0.14,0,0,0,0,1917.57,1606.51,1719.82,920.38,1226.36,0.002,0.0017,0.0018,0.0009,0.0006
332,0,0,0.73,139.33,10.89,0.31,0,0.91,302.36,95.08,0.03,0.7,0,0,0.47,0,0,0,0.106165,0.000957,0.011738,0.1,0.4711,0,0,0,0.83,0.22,0,0,0,0,0.002693,0.000023,0,0,0,0,0,0,0,0,0,0,1917.56,1606.5,1718.95,920.37,1226.34,0.002,0.0017,0.0018,0.0009,0.0006
333,0,0,0.72,139.34,10.8,0.32,0,0.91,303.18,95.12,0.03,0.71,0,0,0.48,0,0,0,0.040319,0.000767,0.003529,0.09,0,0,0,0,0.82,0.21,0,0,0,0,0.023567,0.000222,0.05,0,0,0,0,0,0,0,0,0,1917.56,1606.5,1718.09,920.36,1226.33,0.002,0.0017,0.0018,0.0009,0.0006
334,0,0,0.71,139.35,10.72,0.33,0,0.91,303.99,95.17,0.03,0.72,0,0,0.48,0,0,0,0.015197,0.00063,0.001159,0.09,0,0,0,0,0.81,0.2,0,0,0,0,0.022268,0.000218,0.05,0,0,0,0,0,0,0,0,0,1917.55,1606.49,1717.23,920.35,1226.32,0.002,0.0017,0.0018,0.0009,0.0006
335,0,0,0.71,139.36,10.63,0.34,0,0.91,304.8,95.21,0.03,0.73,0,0,0.49,0,0,0,0.005805,0.00052,0.00044,0.09,0,0,0,0,0.8,0.19,0,0,0,0,0.021133,0.000215,0.04,0,0,0,0,0,0,0,0,0,1917.54,1606.48,1716.38,920.34,1226.31,0.002,0.0017,0.0018,0.0009,0.0006
336,0,0,0.7,139.37,10.55,0.34,0,0.91,305.61,95.25,0.03,0.74,0,0,0.5,0,0,0,0.002276,0.000432,0.000226,0.08,0,0,0,0,0.8,0.19,0,0,0,0,0.020096,0.000211,0.04,0,0,0,0,0,0,0,0,0,1917.53,1606.47,1715.54,920.33,1226.29,0.002,0.0017,0.0018,0.0009,0.0006
337,0,0,0.69,139.3,10.49,0.35,0,0.91,306.45,95.25,0.03,0.75,0,0,0.51,0,0,0,0.000897,0.000352,0.000097,0.09,0.0604,0,0,0,0.79,0.2,0,0,0,0,0.000887,0.00001,0,0,0,0,0,0,0,0,0,0,1917.53,1606.47,1714.7,920.32,1226.28,0.002,0.0017,0.0018,0.0009,0.0006
338,0,0,0.69,139.31,10.41,0.36,0,0.91,307.23,95.3,0.03,0.76,0,0,0.51,0,0,0,0.000374,0.00029,0.000086,0.08,0,0,0,0,0.78,0.19,0,0,0,0,0.021897,0.000245,0.05,0,0,0,0,0,0,0,0,0,1917.52,1606.46,1713.87,920.31,1226.27,0.002,0.0017,0.0018,0.0009,0.0006
339,0,0,0.68,139.32,10.33,0.36,0,0.91,307.99,95.34,0.03,0.77,0,0,0.52,0,0,0,0.000168,0.000251,0.000113,0.08,0,0,0,0,0.75,0.18,0,0,0,0,0.020816,0.00024,0.05,0,0,0,0,0,0,0,0,0,1917.52,1606.46,1713.07,920.31,1226.26,0.002,0.0017,0.0018,0.0009,0.0006
340,0,0,0.68,139.33,10.25,0.37,0,0.91,308.73,95.39,0.03,0.77,0,0,0.53,0,0,0,0.000083,0.000218,0.000118,0.08,0,0,0,0,0.73,0.17,0,0,0,0,0.019827,0.000234,0.04,0,0,0,0,0,0,0,0,0,1917.52,1606.45,1712.29,920.3,1226.24,0.002,0.0017,0.0018,0.0009,0.0006
341,0,0,0.67,139.24,10.19,0.37,0,0.91,309.5,95.39,0.03,0.78,0,0,0.53,0,0,0,0.000041,0.000182,0.000063,0.08,0.0859,0,0,0,0.73,0.18,0,0,0,0,0.001018,0.000013,0,0,0,0,0,0,0,0,0,0,1917.51,1606.45,1711.52,920.29,1226.23,0.002,0.0017,0.0018,0.0009,0.0006
342,0,0,0.67,139.25,10.12,0.38,0,0.91,310.23,95.44,0.03,0.79,0,0,0.54,0,0,0,0.000026,0.000156,0.000077,0.07,0,0,0,0,0.73,0.18,0,0,0,0,0.020634,0.000256,0.05,0,0,0,0,0,0,0,0,0,1917.5,1606.44,1710.75,920.28,1226.22,0.002,0.0017,0.0018,0.0009,0.0006
343,0,0,0.66,139.26,10.05,0.38,0,0.91,310.94,95.48,0.03,0.8,0,0,0.55,0,0,0,0.000025,0.000145,0.000113,0.07,0,0,0,0,0.72,0.17,0,0,0,0,0.019573,0.000249,0.05,0,0,0,0,0,0,0,0,0,1917.5,1606.44,1709.99,920.27,1226.21,0.002,0.0017,0.0018,0.0009,0.0006
344,0,0,0.66,139.26,9.99,0.39,0,0.92,311.65,95.52,0.03,0.81,0,0,0.55,0,0,0,0.000023,0.000136,0.000123,0.07,0,0,0,0,0.71,0.17,0,0,0,0,0.018608,0.000242,0.04,0,0,0,0,0,0,0,0,0,1917.49,1606.44,1709.24,920.27,1226.2,0.002,0.0017,0.0018,0.0009,0.0006
345,0,0,0.65,139.27,9.92,0.39,0,0.92,312.36,95.57,0.03,0.82,0,0,0.56,0,0,0,0.000023,0.000128,0.000125,0.07,0,0,0,0,0.71,0.17,0,0,0,0,0.017734,0.000236,0.04,0,0,0,0,0,0,0,0,0,1917.48,1606.43,1708.49,920.26,1226.19,0.002,0.0017,0.0018,0.0009,0.0006
346,0,0,0.65,139.28,9.86,0.4,0,0.92,313.06,95.61,0.03,0.83,0,0,0.56,0,0,0,0.000021,0.000121,0.000122,0.07,0,0,0,0,0.69,0.16,0,0,0,0,0.016963,0.000231,0.04,0,0,0,0,0,0,0,0,0,1917.48,1606.43,1707.76,920.25,1226.18,0.002,0.0017,0.0018,0.0009,0.0006
347,0,0,0.64,139.29,9.79,0.4,0,0.92,313.74,95.65,0.03,0.83,0,0,0.57,0,0,0,0.00002,0.000114,0.000119,0.06,0,0,0,0,0.68,0.15,0,0,0,0,0.016273,0.000227,0.04,0,0,0,0,0,0,0,0,0,1917.47,1606.42,1707.04,920.24,1226.17,0.002,0.0017,0.0018,0.0009,0.0006
348,0,0,0.64,139.3,9.73,0.41,0,0.92,314.41,95.69,0.03,0.84,0,0,0.58,0,0,0,0.000018,0.000107,0.000114,0.06,0,0,0,0,0.66,0.13,0,0,0,0,0.01565,0.000223,0.04,0,0,0,0,0,0,0,0,0,1917.47,1606.42,1706.34,920.23,1226.16,0.002,0.0017,0.0018,0.0009,0.0006
349,0,0,0.63,139.31,9.66,0.41,0,0.92,315.04,95.73,0.03,0.85,0,0,0.58,0,0,0,0.000016,0.0001,0.000105,0.06,0,0,0,0,0.63,0.12,0,0,0,0,0.015109,0.000219,0.04,0,0,0,0,0,0,0,0,0,1917.47,1606.42,1705.66,920.23,1226.15,0.002,0.0017,0.0018,0.0009,0.0006
350,0,0,0.63,139.32,9.6,0.41,0,0.92,315.64,95.76,0.03,0.86,0,0,0.59,0,0,0,0.000013,0.000093,0.000097,0.06,0,0,0,0,0.59,0.12,0,0,0,0,0.014622,0.000216,0.04,0,0,0,0,0,0,0,0,0,1917.47,1606.42,1705.03,920.22,1226.14,0.002,0.0017,0.0018,0.0009,0.0006
351,0,0,0.62,139.33,9.54,0.41,0,0.92,316.21,95.8,0.03,0.86,0,0,0.59,0,0,0,0.00001,0.000087,0.00009,0.06,0,0,0,0,0.56,0.11,0,0,0,0,0.01416,0.000212,0.04,0,0,0,0,0,0,0,0,0,1917.47,1606.42,1704.42,920.21,1226.13,0.002,0.0017,0.0018,0.0009,0.0006
352,0,0,0.62,139.34,9.48,0.42,0,0.92,316.76,95.84,0.03,0.87,0,0,0.6,0,0,0,0.000008,0.000082,0.000088,0.06,0,0,0,0,0.54,0.11,0,0,0,0,0.013713,0.000208,0.04,0,0,0,0,0,0,0,0,0,1917.47,1606.41,1703.84,920.21,1226.12,0.002,0.0017,0.0018,0.0009,0.0006
353,0,0,0.61,139.35,9.42,0.42,0,0.92,317.3,95.87,0.03,0.88,0,0,0.6,0,0,0,0.000006,0.000077,0.00009,0.06,0,0,0,0,0.54,0.11,0,0,0,0,0.013275,0.000205,0.04,0,0,0,0,0,0,0,0,0,1917.47,1606.41,1703.27,920.2,1226.11,0.002,0.0017,0.0018,0.0009,0.0006
354,0,0,0.61,139.35,9.37,0.42,0,0.92,317.84,95.91,0.03,0.88,0,0,0.61,0,0,0,0.000005,0.000073,0.00009,0.05,0,0,0,0,0.53,0.11,0,0,0,0,0.012864,0.000201,0.04,0,0,0,0,0,0,0,0,0,1917.47,1606.41,1702.7,920.2,1226.1,0.002,0.0017,0.0018,0.0009,0.0006
355,0,0,0.6,139.36,9.31,0.42,0,0.92,318.37,95.94,0.03,0.89,0,0,0.61,0,0,0,0.000004,0.00007,0.000089,0.05,0,0,0,0,0.52,0.1,0,0,0,0,0.012483,0.000198,0.04,0,0,0,0,0,0,0,0,0,1917.47,1606.41,1702.14,920.19,1226.09,0.002,0.0017,0.0018,0.0009,0.0006
356,0,0,0.6,139.37,9.26,0.42,0,0.92,318.88,95.98,0.03,0.9,0,0,0.62,0,0,0,0.000004,0.000067,0.000088,0.05,0,0,0,0,0.51,0.1,0,0,0,0,0.012118,0.000195,0.04,0,0,0,0,0,0,0,0,0,1917.47,1606.41,1701.59,920.19,1226.09,0.002,0.0017,0.0018,0.0009,0.0006
357,0,0,0.6,139.37,9.21,0.42,0,0.92,319.4,96.01,0.03,0.9,0,0,0.62,0,0,0,0.000004,0.000064,0.000092,0.05,0,0,0,0,0.52,0.11,0,0,0,0,0.011763,0.000192,0.03,0,0,0,0,0,0,0,0,0,1917.47,1606.41,1701.04,920.18,1226.08,0.002,0.0017,0.0018,0.0009,0.0006
358,0,0,0.59,139.38,9.16,0.43,0,0.92,320,96.04,0.03,0.91,0,0,0.63,0,0,0,0.000006,0.000063,0.000106,0.05,0,0,0,0,0.59,0.13,0,0,0,0,0.011409,0.000189,0.03,0,0,0,0,0,0,0,0,0,1917.46,1606.41,1700.41,920.18,1226.07,0.002,0.0017,0.0018,0.0009,0.0006
359,0,0,0.59,139.38,9.11,0.43,0,0.92,320.6,96.07,0.03,0.91,0,0,0.63,0,0,0,0.000009,0.000064,0.000114,0.05,0,0,0,0,0.6,0.13,0,0,0,0,0.011065,0.000186,0.03,0,0,0,0,0,0,0,0,0,1917.46,1606.4,1699.78,920.17,1226.06,0.002,0.0017,0.0018,0.0009,0.0006
360,0,0,0.59,139.39,9.07,0.43,0,0.92,321.21,96.11,0.03,0.92,0,0,0.64,0,0,0,0.000011,0.000064,0.000117,0.05,0,0,0,0,0.6,0.13,0,0,0,0,0.010741,0.000184,0.03,0,0,0,0,0,0,0,0,0,1917.45,1606.4,1699.14,920.16,1226.05,0.002,0.0017,0.0018,0.0009,0.0006
361,0,0,0.58,139.39,9.03,0.44,0,0.92,321.82,96.14,0.03,0.93,0,0,0.64,0,0,0,0.000011,0.000064,0.000117,0.05,0,0,0,0,0.6,0.13,0,0,0,0,0.010434,0.000182,0.03,0,0,0,0,0,0,0,0,0,1917.45,1606.4,1698.5,920.16,1226.04,0.002,0.0017,0.0018,0.0009,0.0006
362,0,0,0.58,139.23,9.01,0.44,0,0.92,322.45,96.14,0.03,0.93,0,0,0.65,0,0,0,0.00001,0.000057,0.000089,0.05,0.1598,0,0,0,0.61,0.14,0,0,0,0,0.001589,0.000029,0.01,0,0,0,0,0,0,0,0,0,1917.44,1606.39,1697.87,920.15,1226.03,0.002,0.0017,0.0017,0.0009,0.0006
363,0,0,0.58,139.24,8.96,0.44,0,0.92,323.03,96.19,0.03,0.94,0,0,0.65,0,0,0,0.000011,0.000057,0.00008,0.05,0,0,0,0,0.61,0.14,0,0,0,0,0.01591,0.000287,0.05,0,0,0,0,0,0,0,0,0,1917.43,1606.39,1697.24,920.14,1226.03,0.002,0.0017,0.0017,0.0009,0.0006
364,0,0,0.57,139.25,8.92,0.45,0,0.92,323.61,96.23,0.03,0.95,0,0,0.66,0,0,0,0.000014,0.000064,0.0001,0.04,0,0,0,0,0.58,0.11,0,0,0,0,0.015199,0.000279,0.05,0,0,0,0,0,0,0,0,0,1917.43,1606.39,1696.63,920.14,1226.02,0.002,0.0017,0.0017,0.0009,0.0006
365,0,0,0.57,139.25,8.91,0.45,0,0.92,324.16,96.25,0.03,0.96,0,0,0.66,0,0,0,0.000011,0.000064,0.000087,0,0,0,0,0,0.53,0.09,0,0,0,0,0.008337,0.000264,0.02,0,0,0,0,0,0,0,0,0,1917.43,1606.39,1696.05,920.13,1226.01,0.002,0.0017,0.0017,0.0009,0.0006
,,,,,,,,,,,,,,,,,,,,,,,,,,,,,,,,,,,,,,,,,,,,,,,,,,,,,,
,,,,,,,,,,,,,,,,,,,,,,,,,,,,,,,,,,,,,,,,,,,,,,,,,,,,,,
,,,,,,,,,,,,,,,,,,,0.786733,,,,,,,,,,,,,,,,,,,,,,,,,,,,,,,,,,,
